{
  "TechnologyType": {
    "OntologyId": "OBI",
    "id": null,
    "CanonicalId": "http://purl.obolibrary.org/obo/OBI_0001361",
    "Url": "http://purl.obolibrary.org/obo/OBI_0001361",
    "Name": "transcription profiling by RT-PCR assay",
    "Type": null,
    "SystemType": "CodedValue",
    "Tags": [],
    "Visibility": null,
    "DateCreated": "",
    "DateModified": "",
    "VersionId": "1",
    "SerializationMode": "full"
  },
  "BiosampleCharacteristics": [],
  "BiosampleType": [
    {
      "OntologyId": "CL",
      "id": null,
      "CanonicalId": "http://purl.obolibrary.org/obo/CL_0000171",
      "Url": "http://purl.obolibrary.org/obo/CL_0000171",
      "Name": "pancreatic A cell",
      "Type": null,
      "SystemType": "CodedValue",
      "Tags": [],
      "Visibility": null,
      "DateCreated": "",
      "DateModified": "",
      "VersionId": "1",
      "SerializationMode": "full"
    },
    {
      "OntologyId": "NCBITAXON",
      "id": null,
      "CanonicalId": "http://purl.bioontology.org/ontology/NCBITAXON/10090",
      "Url": "http://purl.bioontology.org/ontology/NCBITAXON/10090",
      "Name": "mouse",
      "Type": null,
      "SystemType": "CodedValue",
      "Tags": [],
      "Visibility": null,
      "DateCreated": "",
      "DateModified": "",
      "VersionId": "1",
      "SerializationMode": "full"
    }
  ],
  "DatasetValue": {
    "OntologyId": null,
    "id": null,
    "CanonicalId": null,
    "Url": null,
    "Name": "3",
    "Type": null,
    "SystemType": "CodedValue",
    "Tags": [],
    "Visibility": null,
    "DateCreated": "2019-04-25T23:57:43.7911557+00:00",
    "VersionId": "1",
    "SerializationMode": "full"
  },
  "AlternateNames": [],
  "Publications": [],
  "SecondaryIdentifiers": [],
  "Description": "",
  "Contributors": [
    {
      "Role": {
        "OntologyId": "HIRN",
        "id": "hirn-cv-ResourceRole-producer",
        "CanonicalId": "hirn-cv-ResourceRole-producer",
        "Url": "resources.hirnetwork.org/api/v1/CV/",
        "Name": "Producer",
        "Type": null,
        "SystemType": "CodedValue",
        "Tags": [],
        "Visibility": null,
        "DateCreated": "2017-11-14T00:23:22.4515624+00:00",
        "VersionId": "1",
        "SerializationMode": "full"
      },
      "Participant": {
        "FirstName": "XiaoQing",
        "LastName": "Dai",
        "MiddleName": null,
        "Suffix": "PhD",
        "Contact": {
          "EmailAddress": "xdai@ualberta.ca",
          "Address1": null,
          "Address2": null,
          "City": "Edmonton",
          "StateOrProvince": null,
          "PostalCode": null,
          "Country": "Canada",
          "PhoneNumber": null
        },
        "Groups": [],
        "Grants": [
          {
            "Grant": {
              "GrantNumber": "U01 DK120447",
              "id": "217",
              "CanonicalId": "HIRN-grant-68",
              "Url": null,
              "Name": "HPAC: MacDonald",
              "Type": null,
              "SystemType": "Grant",
              "Tags": [],
              "Visibility": null,
              "DateCreated": "2019-03-26T17:34:41.8748815+00:00",
              "VersionId": "1",
              "SerializationMode": "full"
            },
            "RoleName": "Research Staff"
          }
        ],
        "LabMembership": {
          "Lab": {
            "id": null,
            "CanonicalId": null,
            "Url": null,
            "Name": null,
            "Type": null,
            "SystemType": "Lab",
            "Tags": [],
            "Visibility": null,
            "DateCreated": "2019-03-26T17:34:41.8748815+00:00",
            "VersionId": "1",
            "SerializationMode": "full"
          },
          "RoleName": null
        },
        "Organization": {
          "id": null,
          "CanonicalId": "HIRN-inst-67",
          "Url": null,
          "Name": "University of Alberta",
          "Type": null,
          "SystemType": "Organization",
          "Tags": [],
          "Visibility": null,
          "DateCreated": "2019-03-26T17:34:41.8748815+00:00",
          "VersionId": "1",
          "SerializationMode": "full"
        },
        "id": "7cdaae13-b8cf-4f50-8ff0-862efb6e8e22",
        "CanonicalId": "xiaoqing_dai@hirnetwork.org",
        "Url": null,
        "Name": null,
        "Type": null,
        "SystemType": "Person",
        "Tags": [],
        "Visibility": null,
        "DateCreated": "2019-03-26T17:34:41.8748815+00:00",
        "VersionId": "1",
        "SerializationMode": "full"
      },
      "id": null,
      "CanonicalId": null,
      "Url": null,
      "Name": null,
      "Type": null,
      "SystemType": "Contributor",
      "Tags": [],
      "Visibility": null,
      "DateCreated": "",
      "DateModified": "",
      "VersionId": "1",
      "SerializationMode": "full"
    },
    {
      "Role": {
        "OntologyId": "HIRN",
        "id": "hirn-cv-ResourceRole-producer",
        "CanonicalId": "hirn-cv-ResourceRole-producer",
        "Url": "resources.hirnetwork.org/api/v1/CV/",
        "Name": "Producer",
        "Type": null,
        "SystemType": "CodedValue",
        "Tags": [],
        "Visibility": null,
        "DateCreated": "2017-11-14T00:23:22.4515624+00:00",
        "VersionId": "1",
        "SerializationMode": "full"
      },
      "Participant": {
        "FirstName": "Al",
        "LastName": "Powers",
        "MiddleName": "C",
        "Suffix": "MD",
        "Contact": {
          "EmailAddress": "al.powers@vanderbilt.edu",
          "Address1": null,
          "Address2": null,
          "City": "Nashville",
          "StateOrProvince": "TN",
          "PostalCode": null,
          "Country": "USA",
          "PhoneNumber": ""
        },
        "Groups": [
          {
            "Group": {
              "id": null,
              "CanonicalId": "HIRN-Consortium-CTAR",
              "Url": null,
              "Name": "CTAR",
              "Type": null,
              "SystemType": "Group",
              "Tags": [],
              "Visibility": null,
              "DateCreated": "2019-03-26T17:34:41.949972+00:00",
              "VersionId": "1",
              "SerializationMode": "full"
            },
            "RoleName": "Investigator"
          },
          {
            "Group": {
              "id": null,
              "CanonicalId": "HIRN-Consortium-CBDS",
              "Url": null,
              "Name": "CBDS",
              "Type": null,
              "SystemType": "Group",
              "Tags": [],
              "Visibility": null,
              "DateCreated": "2019-03-26T17:34:41.949972+00:00",
              "VersionId": "1",
              "SerializationMode": "full"
            },
            "RoleName": "Investigator"
          },
          {
            "Group": {
              "id": null,
              "CanonicalId": "HIRN-Consortium-HPAC",
              "Url": null,
              "Name": "HPAC",
              "Type": null,
              "SystemType": "Group",
              "Tags": [],
              "Visibility": null,
              "DateCreated": "2019-03-26T17:34:41.949972+00:00",
              "VersionId": "1",
              "SerializationMode": "full"
            },
            "RoleName": "Investigator"
          },
          {
            "Group": {
              "id": null,
              "CanonicalId": "HIRN-Consortium-OPP",
              "Url": null,
              "Name": "OPP",
              "Type": null,
              "SystemType": "Group",
              "Tags": [],
              "Visibility": null,
              "DateCreated": "2019-03-26T17:34:41.949972+00:00",
              "VersionId": "1",
              "SerializationMode": "full"
            },
            "RoleName": "Investigator"
          }
        ],
        "Grants": [
          {
            "Grant": {
              "GrantNumber": "UC4 DK104211  ",
              "id": "3",
              "CanonicalId": "HIRN-grant-4",
              "Url": null,
              "Name": "CTAR: Powers",
              "Type": null,
              "SystemType": "Grant",
              "Tags": [],
              "Visibility": null,
              "DateCreated": "2019-03-26T17:34:41.949972+00:00",
              "VersionId": "1",
              "SerializationMode": "full"
            },
            "RoleName": "Investigator"
          },
          {
            "Grant": {
              "GrantNumber": "UC4 DK112232",
              "id": "25",
              "CanonicalId": "HIRN-grant-27",
              "Url": null,
              "Name": "HPAC: Powers",
              "Type": null,
              "SystemType": "Grant",
              "Tags": [],
              "Visibility": null,
              "DateCreated": "2019-03-26T17:34:41.949972+00:00",
              "VersionId": "1",
              "SerializationMode": "full"
            },
            "RoleName": "Investigator"
          },
          {
            "Grant": {
              "GrantNumber": "UC4 DK108120",
              "id": "58",
              "CanonicalId": "HIRN-grant-25",
              "Url": null,
              "Name": "CBDS: Wright",
              "Type": null,
              "SystemType": "Grant",
              "Tags": [],
              "Visibility": null,
              "DateCreated": "2019-03-26T17:34:41.949972+00:00",
              "VersionId": "1",
              "SerializationMode": "full"
            },
            "RoleName": "Investigator"
          },
          {
            "Grant": {
              "GrantNumber": "U01 DK120429",
              "id": "205",
              "CanonicalId": "HIRN-grant-66",
              "Url": null,
              "Name": "HPAC: Sander",
              "Type": null,
              "SystemType": "Grant",
              "Tags": [],
              "Visibility": null,
              "DateCreated": "2019-03-26T17:34:41.949972+00:00",
              "VersionId": "1",
              "SerializationMode": "full"
            },
            "RoleName": "Co-Investigator"
          }
        ],
        "LabMembership": {
          "Lab": {
            "id": null,
            "CanonicalId": null,
            "Url": null,
            "Name": null,
            "Type": null,
            "SystemType": "Lab",
            "Tags": [],
            "Visibility": null,
            "DateCreated": "2019-03-26T17:34:41.949972+00:00",
            "VersionId": "1",
            "SerializationMode": "full"
          },
          "RoleName": null
        },
        "Organization": {
          "id": null,
          "CanonicalId": "HIRN-inst-54",
          "Url": null,
          "Name": "Vanderbilt  University",
          "Type": null,
          "SystemType": "Organization",
          "Tags": [],
          "Visibility": null,
          "DateCreated": "2019-03-26T17:34:41.949972+00:00",
          "VersionId": "1",
          "SerializationMode": "full"
        },
        "id": "6d2f7249-08fe-416e-be00-fe953723017f",
        "CanonicalId": "al_powers@hirnetwork.org",
        "Url": null,
        "Name": null,
        "Type": null,
        "SystemType": "Person",
        "Tags": [],
        "Visibility": null,
        "DateCreated": "2019-03-26T17:34:41.949972+00:00",
        "VersionId": "1",
        "SerializationMode": "full"
      },
      "id": null,
      "CanonicalId": null,
      "Url": null,
      "Name": null,
      "Type": null,
      "SystemType": "Contributor",
      "Tags": [],
      "Visibility": null,
      "DateCreated": "",
      "DateModified": "",
      "VersionId": "1",
      "SerializationMode": "full"
    },
    {
      "Role": {
        "OntologyId": "HIRN",
        "id": "hirn-cv-ResourceRole-producer",
        "CanonicalId": "hirn-cv-ResourceRole-producer",
        "Url": "resources.hirnetwork.org/api/v1/CV/",
        "Name": "Producer",
        "Type": null,
        "SystemType": "CodedValue",
        "Tags": [],
        "Visibility": null,
        "DateCreated": "2017-11-14T00:23:22.4515624+00:00",
        "VersionId": "1",
        "SerializationMode": "full"
      },
      "Participant": {
        "FirstName": "Patrick",
        "LastName": "MacDonald",
        "MiddleName": null,
        "Suffix": "PhD",
        "Contact": {
          "EmailAddress": "pem@ualberta.ca",
          "Address1": null,
          "Address2": null,
          "City": "Alberta",
          "StateOrProvince": null,
          "PostalCode": null,
          "Country": "Canada",
          "PhoneNumber": null
        },
        "Groups": [
          {
            "Group": {
              "id": null,
              "CanonicalId": "HIRN-Consortium-HPAC",
              "Url": null,
              "Name": "HPAC",
              "Type": null,
              "SystemType": "Group",
              "Tags": [],
              "Visibility": null,
              "DateCreated": "2019-03-26T17:34:41.9324477+00:00",
              "VersionId": "1",
              "SerializationMode": "full"
            },
            "RoleName": "Investigator"
          }
        ],
        "Grants": [
          {
            "Grant": {
              "GrantNumber": "U01 DK120447",
              "id": "209",
              "CanonicalId": "HIRN-grant-68",
              "Url": null,
              "Name": "HPAC: MacDonald",
              "Type": null,
              "SystemType": "Grant",
              "Tags": [],
              "Visibility": null,
              "DateCreated": "2019-03-26T17:34:41.9324477+00:00",
              "VersionId": "1",
              "SerializationMode": "full"
            },
            "RoleName": "Investigator"
          }
        ],
        "LabMembership": {
          "Lab": {
            "id": null,
            "CanonicalId": null,
            "Url": null,
            "Name": null,
            "Type": null,
            "SystemType": "Lab",
            "Tags": [],
            "Visibility": null,
            "DateCreated": "2019-03-26T17:34:41.9324477+00:00",
            "VersionId": "1",
            "SerializationMode": "full"
          },
          "RoleName": null
        },
        "Organization": {
          "id": null,
          "CanonicalId": "HIRN-inst-67",
          "Url": null,
          "Name": "University of Alberta",
          "Type": null,
          "SystemType": "Organization",
          "Tags": [],
          "Visibility": null,
          "DateCreated": "2019-03-26T17:34:41.9324477+00:00",
          "VersionId": "1",
          "SerializationMode": "full"
        },
        "id": "083b15db-450e-4c9a-86e9-dade6b143c48",
        "CanonicalId": "patrick_macdonald@hirnetwork.org",
        "Url": null,
        "Name": null,
        "Type": null,
        "SystemType": "Person",
        "Tags": [],
        "Visibility": null,
        "DateCreated": "2019-03-26T17:34:41.9324477+00:00",
        "VersionId": "1",
        "SerializationMode": "full"
      },
      "id": null,
      "CanonicalId": null,
      "Url": null,
      "Name": null,
      "Type": null,
      "SystemType": "Contributor",
      "Tags": [],
      "Visibility": null,
      "DateCreated": "",
      "DateModified": "",
      "VersionId": "1",
      "SerializationMode": "full"
    }
  ],
  "ContributorsOld": [],
  "ContributorsTemp": [],
  "PrimaryResourceType": {
    "TargetClassType": "Dataset",
    "ParentResourceTypeId": "",
    "id": "HIRN-Ds",
    "CanonicalId": "HIRN-Ds",
    "Url": null,
    "Name": "Datasets",
    "Type": null,
    "SystemType": "ResourceTypeExtended",
    "Tags": [],
    "Visibility": null,
    "DateCreated": "2017-11-14T00:23:20.1036363+00:00",
    "VersionId": "1",
    "SerializationMode": "full"
  },
  "SecondaryResourceType": {
    "TargetClassType": "Transcriptomics",
    "ParentResourceTypeId": "HIRN-Ds",
    "id": "HIRN-Ds-Trans",
    "CanonicalId": "HIRN-Ds-Trans",
    "Url": null,
    "Name": "Transcriptomics",
    "Type": null,
    "SystemType": "ResourceTypeExtended",
    "Tags": [],
    "Visibility": null,
    "DateCreated": "2017-11-14T00:23:20.1036363+00:00",
    "VersionId": "1",
    "SerializationMode": "full"
  },
  "ResourceApplications": [],
  "Vendor": {
    "Contact": {
      "EmailAddress": null,
      "Address1": null,
      "Address2": null,
      "City": null,
      "StateOrProvince": null,
      "PostalCode": null,
      "Country": null,
      "PhoneNumber": null
    },
    "id": null,
    "CanonicalId": null,
    "Url": null,
    "Name": null,
    "Type": null,
    "SystemType": "Vendor",
    "Tags": [],
    "Visibility": null,
    "DateCreated": "2019-04-25T23:57:43.7911557+00:00",
    "VersionId": "1",
    "SerializationMode": "full"
  },
  "VendorName": null,
  "VendorResourceUrl": null,
  "VendorLotNumber": null,
  "VendorCatNumber": null,
  "CurationStatus": {
    "OntologyId": "HIRN",
    "id": "hirn-cv-CurationStatus-public",
    "CanonicalId": "hirn-cv-CurationStatus-public",
    "Url": "resources.hirnetwork.org/api/v1/CV/",
    "Name": "Public",
    "Type": null,
    "SystemType": "CodedValue",
    "Tags": [],
    "Visibility": null,
    "DateCreated": "2017-11-14T00:23:22.4515624+00:00",
    "VersionId": "1",
    "SerializationMode": "full"
  },
  "Attachments": [],
  "DefiningManuscriptId": "29106387",
  "BatchNumber": "4",
  "id": "1bb64bd0-ec38-4ed7-bdb5-4617935f4720",
  "CanonicalId": "Request",
  "Url": "",
  "Name": "Single-cell RNA-seq of FACs-enriched alpha cells from 3-week-old mTORC1-inhibited alpha-RaptorKO and control mice",
  "Type": "Resource",
  "SystemType": "Transcriptomics",
  "Tags": [],
  "Visibility": null,
  "DateCreated": "2019-04-25T23:57:44+00:00",
  "VersionId": "1",
  "SerializationMode": "full"
}
