{
  "TechnologyType": {
    "OntologyId": "OBI",
    "id": null,
    "CanonicalId": "http://purl.obolibrary.org/obo/OBI_0001271",
    "Url": "http://purl.obolibrary.org/obo/OBI_0001271",
    "Name": "RNA-seq assay",
    "Type": null,
    "SystemType": "CodedValue",
    "Tags": [],
    "Visibility": null,
    "DateCreated": "",
    "DateModified": "",
    "VersionId": "1",
    "SerializationMode": "full"
  },
  "BiosampleCharacteristics": [],
  "BiosampleType": [
    {
      "OntologyId": "CL",
      "id": null,
      "CanonicalId": "http://purl.obolibrary.org/obo/CL_0000624",
      "Url": "http://purl.obolibrary.org/obo/CL_0000624",
      "Name": "CD4-positive, alpha-beta T cell",
      "Type": null,
      "SystemType": "CodedValue",
      "Tags": [],
      "Visibility": null,
      "DateCreated": "",
      "DateModified": "",
      "VersionId": "1",
      "SerializationMode": "full"
    },
    {
      "OntologyId": "NCBITAXON",
      "id": null,
      "CanonicalId": "http://purl.bioontology.org/ontology/NCBITAXON/9606",
      "Url": "http://purl.bioontology.org/ontology/NCBITAXON/9606",
      "Name": "human",
      "Type": null,
      "SystemType": "CodedValue",
      "Tags": [],
      "Visibility": null,
      "DateCreated": "",
      "DateModified": "",
      "VersionId": "1",
      "SerializationMode": "full"
    }
  ],
  "DatasetValue": {
    "OntologyId": null,
    "id": null,
    "CanonicalId": null,
    "Url": null,
    "Name": "4",
    "Type": null,
    "SystemType": "CodedValue",
    "Tags": [],
    "Visibility": null,
    "DateCreated": "2019-04-25T23:57:43.7911557+00:00",
    "VersionId": "1",
    "SerializationMode": "full"
  },
  "AlternateNames": [],
  "Publications": [],
  "SecondaryIdentifiers": [],
  "Description": "(Data not deposited/available upon request.)",
  "Contributors": [
    {
      "Role": {
        "OntologyId": "HIRN",
        "id": "hirn-cv-ResourceRole-producer",
        "CanonicalId": "hirn-cv-ResourceRole-producer",
        "Url": "resources.hirnetwork.org/api/v1/CV/",
        "Name": "Producer",
        "Type": null,
        "SystemType": "CodedValue",
        "Tags": [],
        "Visibility": null,
        "DateCreated": "2017-11-14T00:23:22.4515624+00:00",
        "VersionId": "1",
        "SerializationMode": "full"
      },
      "Participant": {
        "FirstName": "Klaus",
        "LastName": "Kaestner",
        "MiddleName": null,
        "Suffix": "PhD, MS",
        "Contact": {
          "EmailAddress": "kaestner@mail.med.upenn.edu",
          "Address1": null,
          "Address2": null,
          "City": "Philadelphia",
          "StateOrProvince": "PA",
          "PostalCode": null,
          "Country": "USA",
          "PhoneNumber": ""
        },
        "Groups": [
          {
            "Group": {
              "id": null,
              "CanonicalId": "HIRN-Consortium-CTAR",
              "Url": null,
              "Name": "CTAR",
              "Type": null,
              "SystemType": "Group",
              "Tags": [],
              "Visibility": null,
              "DateCreated": "2019-03-26T17:34:41.9218433+00:00",
              "VersionId": "1",
              "SerializationMode": "full"
            },
            "RoleName": "Investigator"
          },
          {
            "Group": {
              "id": null,
              "CanonicalId": "HIRN-Consortium-HPAC",
              "Url": null,
              "Name": "HPAC",
              "Type": null,
              "SystemType": "Group",
              "Tags": [],
              "Visibility": null,
              "DateCreated": "2019-03-26T17:34:41.9218433+00:00",
              "VersionId": "1",
              "SerializationMode": "full"
            },
            "RoleName": "Investigator"
          },
          {
            "Group": {
              "id": null,
              "CanonicalId": "HIRN-Consortium-OPP",
              "Url": null,
              "Name": "OPP",
              "Type": null,
              "SystemType": "Group",
              "Tags": [],
              "Visibility": null,
              "DateCreated": "2019-03-26T17:34:41.9218433+00:00",
              "VersionId": "1",
              "SerializationMode": "full"
            },
            "RoleName": "Investigator"
          },
          {
            "Group": {
              "id": null,
              "CanonicalId": "HIRN-Consortium-CBDS",
              "Url": null,
              "Name": "CBDS",
              "Type": null,
              "SystemType": "Group",
              "Tags": [],
              "Visibility": null,
              "DateCreated": "2019-03-26T17:34:41.9218433+00:00",
              "VersionId": "1",
              "SerializationMode": "full"
            },
            "RoleName": "Investigator"
          }
        ],
        "Grants": [
          {
            "Grant": {
              "GrantNumber": "UC4 DK104119  ",
              "id": "6",
              "CanonicalId": "HIRN-grant-7",
              "Url": null,
              "Name": "CTAR: Kaestner",
              "Type": null,
              "SystemType": "Grant",
              "Tags": [],
              "Visibility": null,
              "DateCreated": "2019-03-26T17:34:41.9218433+00:00",
              "VersionId": "1",
              "SerializationMode": "full"
            },
            "RoleName": "Investigator"
          }
        ],
        "LabMembership": {
          "Lab": {
            "id": null,
            "CanonicalId": null,
            "Url": null,
            "Name": null,
            "Type": null,
            "SystemType": "Lab",
            "Tags": [],
            "Visibility": null,
            "DateCreated": "2019-03-26T17:34:41.9030564+00:00",
            "VersionId": "1",
            "SerializationMode": "full"
          },
          "RoleName": null
        },
        "Organization": {
          "id": null,
          "CanonicalId": "HIRN-inst-50",
          "Url": null,
          "Name": "University of Pennsylvania",
          "Type": null,
          "SystemType": "Organization",
          "Tags": [],
          "Visibility": null,
          "DateCreated": "2019-03-26T17:34:41.9030564+00:00",
          "VersionId": "1",
          "SerializationMode": "full"
        },
        "id": "fac1149f-8bed-40c1-bfd0-746f45275dbc",
        "CanonicalId": "klaus_kaestner@hirnetwork.org",
        "Url": null,
        "Name": null,
        "Type": null,
        "SystemType": "Person",
        "Tags": [],
        "Visibility": null,
        "DateCreated": "2019-03-26T17:34:41.9030564+00:00",
        "VersionId": "1",
        "SerializationMode": "full"
      },
      "id": null,
      "CanonicalId": null,
      "Url": null,
      "Name": null,
      "Type": null,
      "SystemType": "Contributor",
      "Tags": [],
      "Visibility": null,
      "DateCreated": "",
      "DateModified": "",
      "VersionId": "1",
      "SerializationMode": "full"
    }
  ],
  "ContributorsOld": [],
  "ContributorsTemp": [],
  "PrimaryResourceType": {
    "TargetClassType": "Dataset",
    "ParentResourceTypeId": "",
    "id": "HIRN-Ds",
    "CanonicalId": "HIRN-Ds",
    "Url": null,
    "Name": "Datasets",
    "Type": null,
    "SystemType": "ResourceTypeExtended",
    "Tags": [],
    "Visibility": null,
    "DateCreated": "2017-11-14T00:23:20.1036363+00:00",
    "VersionId": "1",
    "SerializationMode": "full"
  },
  "SecondaryResourceType": {
    "TargetClassType": "Transcriptomics",
    "ParentResourceTypeId": "HIRN-Ds",
    "id": "HIRN-Ds-Trans",
    "CanonicalId": "HIRN-Ds-Trans",
    "Url": null,
    "Name": "Transcriptomics",
    "Type": null,
    "SystemType": "ResourceTypeExtended",
    "Tags": [],
    "Visibility": null,
    "DateCreated": "2017-11-14T00:23:20.1036363+00:00",
    "VersionId": "1",
    "SerializationMode": "full"
  },
  "ResourceApplications": [],
  "Vendor": {
    "Contact": {
      "EmailAddress": null,
      "Address1": null,
      "Address2": null,
      "City": null,
      "StateOrProvince": null,
      "PostalCode": null,
      "Country": null,
      "PhoneNumber": null
    },
    "id": null,
    "CanonicalId": null,
    "Url": null,
    "Name": null,
    "Type": null,
    "SystemType": "Vendor",
    "Tags": [],
    "Visibility": null,
    "DateCreated": "2019-04-25T23:57:43.7911557+00:00",
    "VersionId": "1",
    "SerializationMode": "full"
  },
  "VendorName": null,
  "VendorResourceUrl": null,
  "VendorLotNumber": null,
  "VendorCatNumber": null,
  "CurationStatus": {
    "OntologyId": "HIRN",
    "id": "hirn-cv-CurationStatus-public",
    "CanonicalId": "hirn-cv-CurationStatus-public",
    "Url": "resources.hirnetwork.org/api/v1/CV/",
    "Name": "Public",
    "Type": null,
    "SystemType": "CodedValue",
    "Tags": [],
    "Visibility": null,
    "DateCreated": "2017-11-14T00:23:22.4515624+00:00",
    "VersionId": "1",
    "SerializationMode": "full"
  },
  "Attachments": [],
  "DefiningManuscriptId": "29298866",
  "BatchNumber": "4",
  "id": "28c9ea16-233c-456a-b449-c9967c2c67ae",
  "CanonicalId": "Request",
  "Url": "",
  "Name": "NGS miRNA/mRNA expression profiling of four pooled samples of naive versus activated CD4+ T cells purified from children with or without ongoing islet autoimmunity",
  "Type": "Resource",
  "SystemType": "Transcriptomics",
  "Tags": [],
  "Visibility": null,
  "DateCreated": "2019-04-25T23:57:44+00:00",
  "VersionId": "1",
  "SerializationMode": "full"
}
