{
  "TechnologyType": {
    "OntologyId": "OBI",
    "id": null,
    "CanonicalId": "http://purl.obolibrary.org/obo/OBI_0001271",
    "Url": "http://purl.obolibrary.org/obo/OBI_0001271",
    "Name": "RNA-seq assay",
    "Type": null,
    "SystemType": "CodedValue",
    "Tags": [],
    "Visibility": null,
    "DateCreated": "",
    "DateModified": "",
    "VersionId": "1",
    "SerializationMode": "full"
  },
  "BiosampleCharacteristics": [],
  "BiosampleType": [
    {
      "OntologyId": "CL",
      "id": null,
      "CanonicalId": "http://purl.obolibrary.org/obo/CL_0000169",
      "Url": "http://purl.obolibrary.org/obo/CL_0000169",
      "Name": "type B pancreatic cell",
      "Type": null,
      "SystemType": "CodedValue",
      "Tags": [],
      "Visibility": null,
      "DateCreated": "",
      "DateModified": "",
      "VersionId": "1",
      "SerializationMode": "full"
    },
    {
      "OntologyId": "NCBITAXON",
      "id": null,
      "CanonicalId": "http://purl.bioontology.org/ontology/NCBITAXON/10090",
      "Url": "http://purl.bioontology.org/ontology/NCBITAXON/10090",
      "Name": "mouse",
      "Type": null,
      "SystemType": "CodedValue",
      "Tags": [],
      "Visibility": null,
      "DateCreated": "",
      "DateModified": "",
      "VersionId": "1",
      "SerializationMode": "full"
    }
  ],
  "DatasetValue": {
    "OntologyId": null,
    "id": null,
    "CanonicalId": null,
    "Url": null,
    "Name": "3",
    "Type": null,
    "SystemType": "CodedValue",
    "Tags": [],
    "Visibility": null,
    "DateCreated": "2019-04-25T23:57:43.7911557+00:00",
    "VersionId": "1",
    "SerializationMode": "full"
  },
  "AlternateNames": [],
  "Publications": [],
  "SecondaryIdentifiers": [],
  "Description": "Cell types were FACS sorted from the same normoglycemic Rag2-/-  MIP-GFP mouse 8 weeks after intra-ductal delivery of an adenoviral vector expressing the transcription factors Pdx1, Neurog3 and Mafa (adPNM) used for reprogramming pancreatic ductal cells.",
  "Contributors": [
    {
      "Role": {
        "OntologyId": "HIRN",
        "id": "hirn-cv-ResourceRole-producer",
        "CanonicalId": "hirn-cv-ResourceRole-producer",
        "Url": "resources.hirnetwork.org/api/v1/CV/",
        "Name": "Producer",
        "Type": null,
        "SystemType": "CodedValue",
        "Tags": [],
        "Visibility": null,
        "DateCreated": "2017-11-14T00:23:22.4515624+00:00",
        "VersionId": "1",
        "SerializationMode": "full"
      },
      "Participant": {
        "FirstName": "Feorillo",
        "LastName": "Galivo",
        "MiddleName": null,
        "Suffix": "PhD",
        "Contact": {
          "EmailAddress": "galivo@ohsu.edu",
          "Address1": null,
          "Address2": null,
          "City": "",
          "StateOrProvince": "",
          "PostalCode": null,
          "Country": "",
          "PhoneNumber": ""
        },
        "Groups": [
          {
            "Group": {
              "id": null,
              "CanonicalId": "HIRN-Consortium-CTAR",
              "Url": null,
              "Name": "CTAR",
              "Type": null,
              "SystemType": "Group",
              "Tags": [],
              "Visibility": null,
              "DateCreated": "2019-03-26T17:34:41.8855814+00:00",
              "VersionId": "1",
              "SerializationMode": "full"
            },
            "RoleName": "Postdoc"
          }
        ],
        "Grants": [
          {
            "Grant": {
              "GrantNumber": "UC4 DK104143 ",
              "id": "128",
              "CanonicalId": "HIRN-grant-6",
              "Url": null,
              "Name": "CTAR: Grompe",
              "Type": null,
              "SystemType": "Grant",
              "Tags": [],
              "Visibility": null,
              "DateCreated": "2019-03-26T17:34:41.8855814+00:00",
              "VersionId": "1",
              "SerializationMode": "full"
            },
            "RoleName": "Postdoc"
          }
        ],
        "LabMembership": {
          "Lab": {
            "id": null,
            "CanonicalId": "HIRN-Lab-25",
            "Url": null,
            "Name": "Markus Grompe",
            "Type": null,
            "SystemType": "Lab",
            "Tags": [],
            "Visibility": null,
            "DateCreated": "2019-03-26T17:34:41.8855814+00:00",
            "VersionId": "1",
            "SerializationMode": "full"
          },
          "RoleName": "Postdoc"
        },
        "Organization": {
          "id": null,
          "CanonicalId": "HIRN-inst-31",
          "Url": null,
          "Name": "Oregon Health and Science University",
          "Type": null,
          "SystemType": "Organization",
          "Tags": [],
          "Visibility": null,
          "DateCreated": "2019-03-26T17:34:41.8855814+00:00",
          "VersionId": "1",
          "SerializationMode": "full"
        },
        "id": "9c224c63-1458-4931-8cc4-1dd9e90a60be",
        "CanonicalId": "feorillo_galivo@hirnetwork.org",
        "Url": null,
        "Name": null,
        "Type": null,
        "SystemType": "Person",
        "Tags": [],
        "Visibility": null,
        "DateCreated": "2019-03-26T17:34:41.8855814+00:00",
        "VersionId": "1",
        "SerializationMode": "full"
      },
      "id": null,
      "CanonicalId": null,
      "Url": null,
      "Name": null,
      "Type": null,
      "SystemType": "Contributor",
      "Tags": [],
      "Visibility": null,
      "DateCreated": "",
      "DateModified": "",
      "VersionId": "1",
      "SerializationMode": "full"
    },
    {
      "Role": {
        "OntologyId": "HIRN",
        "id": "hirn-cv-ResourceRole-producer",
        "CanonicalId": "hirn-cv-ResourceRole-producer",
        "Url": "resources.hirnetwork.org/api/v1/CV/",
        "Name": "Producer",
        "Type": null,
        "SystemType": "CodedValue",
        "Tags": [],
        "Visibility": null,
        "DateCreated": "2017-11-14T00:23:22.4515624+00:00",
        "VersionId": "1",
        "SerializationMode": "full"
      },
      "Participant": {
        "FirstName": "Markus",
        "LastName": "Grompe",
        "MiddleName": null,
        "Suffix": "MD",
        "Contact": {
          "EmailAddress": "grompem@ohsu.edu",
          "Address1": null,
          "Address2": null,
          "City": "Portland",
          "StateOrProvince": "OR",
          "PostalCode": null,
          "Country": "USA",
          "PhoneNumber": ""
        },
        "Groups": [
          {
            "Group": {
              "id": null,
              "CanonicalId": "HIRN-Consortium-CTAR",
              "Url": null,
              "Name": "CTAR",
              "Type": null,
              "SystemType": "Group",
              "Tags": [],
              "Visibility": null,
              "DateCreated": "2019-03-26T17:34:41.9030564+00:00",
              "VersionId": "1",
              "SerializationMode": "full"
            },
            "RoleName": "Investigator"
          }
        ],
        "Grants": [
          {
            "Grant": {
              "GrantNumber": "UC4 DK104143 ",
              "id": "5",
              "CanonicalId": "HIRN-grant-6",
              "Url": null,
              "Name": "CTAR: Grompe",
              "Type": null,
              "SystemType": "Grant",
              "Tags": [],
              "Visibility": null,
              "DateCreated": "2019-03-26T17:34:41.9030564+00:00",
              "VersionId": "1",
              "SerializationMode": "full"
            },
            "RoleName": "Investigator"
          }
        ],
        "LabMembership": {
          "Lab": {
            "id": null,
            "CanonicalId": null,
            "Url": null,
            "Name": null,
            "Type": null,
            "SystemType": "Lab",
            "Tags": [],
            "Visibility": null,
            "DateCreated": "2019-03-26T17:34:41.9030564+00:00",
            "VersionId": "1",
            "SerializationMode": "full"
          },
          "RoleName": null
        },
        "Organization": {
          "id": null,
          "CanonicalId": "HIRN-inst-31",
          "Url": null,
          "Name": "Oregon Health and Science University",
          "Type": null,
          "SystemType": "Organization",
          "Tags": [],
          "Visibility": null,
          "DateCreated": "2019-03-26T17:34:41.9030564+00:00",
          "VersionId": "1",
          "SerializationMode": "full"
        },
        "id": "961823de-46b9-4ebe-a42c-3cabb2ecf131",
        "CanonicalId": "markus_grompe@hirnetwork.org",
        "Url": null,
        "Name": null,
        "Type": null,
        "SystemType": "Person",
        "Tags": [],
        "Visibility": null,
        "DateCreated": "2019-03-26T17:34:41.9030564+00:00",
        "VersionId": "1",
        "SerializationMode": "full"
      },
      "id": null,
      "CanonicalId": null,
      "Url": null,
      "Name": null,
      "Type": null,
      "SystemType": "Contributor",
      "Tags": [],
      "Visibility": null,
      "DateCreated": "",
      "DateModified": "",
      "VersionId": "1",
      "SerializationMode": "full"
    }
  ],
  "ContributorsOld": [],
  "ContributorsTemp": [],
  "PrimaryResourceType": {
    "TargetClassType": "Dataset",
    "ParentResourceTypeId": "",
    "id": "HIRN-Ds",
    "CanonicalId": "HIRN-Ds",
    "Url": null,
    "Name": "Datasets",
    "Type": null,
    "SystemType": "ResourceTypeExtended",
    "Tags": [],
    "Visibility": null,
    "DateCreated": "2017-11-14T00:23:20.1036363+00:00",
    "VersionId": "1",
    "SerializationMode": "full"
  },
  "SecondaryResourceType": {
    "TargetClassType": "Transcriptomics",
    "ParentResourceTypeId": "HIRN-Ds",
    "id": "HIRN-Ds-Trans",
    "CanonicalId": "HIRN-Ds-Trans",
    "Url": null,
    "Name": "Transcriptomics",
    "Type": null,
    "SystemType": "ResourceTypeExtended",
    "Tags": [],
    "Visibility": null,
    "DateCreated": "2017-11-14T00:23:20.1036363+00:00",
    "VersionId": "1",
    "SerializationMode": "full"
  },
  "ResourceApplications": [],
  "Vendor": {
    "Contact": {
      "EmailAddress": null,
      "Address1": null,
      "Address2": null,
      "City": null,
      "StateOrProvince": null,
      "PostalCode": null,
      "Country": null,
      "PhoneNumber": null
    },
    "id": null,
    "CanonicalId": null,
    "Url": null,
    "Name": null,
    "Type": null,
    "SystemType": "Vendor",
    "Tags": [],
    "Visibility": null,
    "DateCreated": "2019-04-25T23:57:43.7911557+00:00",
    "VersionId": "1",
    "SerializationMode": "full"
  },
  "VendorName": null,
  "VendorResourceUrl": null,
  "VendorLotNumber": null,
  "VendorCatNumber": null,
  "CurationStatus": {
    "OntologyId": "HIRN",
    "id": "hirn-cv-CurationStatus-public",
    "CanonicalId": "hirn-cv-CurationStatus-public",
    "Url": "resources.hirnetwork.org/api/v1/CV/",
    "Name": "Public",
    "Type": null,
    "SystemType": "CodedValue",
    "Tags": [],
    "Visibility": null,
    "DateCreated": "2017-11-14T00:23:22.4515624+00:00",
    "VersionId": "1",
    "SerializationMode": "full"
  },
  "Attachments": [],
  "DefiningManuscriptId": "29550076",
  "BatchNumber": "4",
  "id": "708a6f8d-7175-4918-9b86-b68fa78ee968",
  "CanonicalId": "GSE109113",
  "Url": "https://www.ncbi.nlm.nih.gov/geo/query/acc.cgi?acc=GSE109113",
  "Name": "Single-cell RNA-seq of pancreatic duct-derived insulin+ cells and pancreatic beta cells",
  "Type": "Resource",
  "SystemType": "Transcriptomics",
  "Tags": [],
  "Visibility": null,
  "DateCreated": "2019-04-25T23:57:44+00:00",
  "VersionId": "1",
  "SerializationMode": "full"
}
