{
  "TechnologyType": {
    "OntologyId": "OBI",
    "id": null,
    "CanonicalId": "http://purl.obolibrary.org/obo/OBI_0001271",
    "Url": "http://purl.obolibrary.org/obo/OBI_0001271",
    "Name": "RNA-seq assay",
    "Type": null,
    "SystemType": "CodedValue",
    "Tags": [],
    "Visibility": null,
    "DateCreated": "",
    "DateModified": "",
    "VersionId": "1",
    "SerializationMode": "full"
  },
  "BiosampleCharacteristics": [],
  "BiosampleType": [
    {
      "OntologyId": "CL",
      "id": null,
      "CanonicalId": "http://purl.obolibrary.org/obo/CL_0002204",
      "Url": "http://purl.obolibrary.org/obo/CL_0002204",
      "Name": "brush cell",
      "Type": null,
      "SystemType": "CodedValue",
      "Tags": [],
      "Visibility": null,
      "DateCreated": "",
      "DateModified": "",
      "VersionId": "1",
      "SerializationMode": "full"
    },
    {
      "OntologyId": "NCBITAXON",
      "id": null,
      "CanonicalId": "http://purl.bioontology.org/ontology/NCBITAXON/10090",
      "Url": "http://purl.bioontology.org/ontology/NCBITAXON/10090",
      "Name": "mouse",
      "Type": null,
      "SystemType": "CodedValue",
      "Tags": [],
      "Visibility": null,
      "DateCreated": "",
      "DateModified": "",
      "VersionId": "1",
      "SerializationMode": "full"
    }
  ],
  "DatasetValue": {
    "OntologyId": null,
    "id": null,
    "CanonicalId": null,
    "Url": null,
    "Name": "5",
    "Type": null,
    "SystemType": "CodedValue",
    "Tags": [],
    "Visibility": null,
    "DateCreated": "2019-04-24T22:53:30.7665018+00:00",
    "VersionId": "1",
    "SerializationMode": "full"
  },
  "AlternateNames": [],
  "Publications": [],
  "SecondaryIdentifiers": [],
  "Description": "Tuft cells were identified as CD11c-;CD45-;EpCAM+;IL-25+ using Flare25 reporter mice. The data were used to investigate thymic tuft cell heterogeneity with and without AIRE protein expression.",
  "Contributors": [
    {
      "Role": {
        "OntologyId": "HIRN",
        "id": "hirn-cv-ResourceRole-producer",
        "CanonicalId": "hirn-cv-ResourceRole-producer",
        "Url": "resources.hirnetwork.org/api/v1/CV/",
        "Name": "Producer",
        "Type": null,
        "SystemType": "CodedValue",
        "Tags": [],
        "Visibility": null,
        "DateCreated": "2017-11-14T00:23:22.4515624+00:00",
        "VersionId": "1",
        "SerializationMode": "full"
      },
      "Person": {
        "CanonicalId": "audrey_parent@hirnetwork.org",
        "DateCreated": "2017-11-14T22:29:09.627198+00:00",
        "DateModified": null,
        "Name": null,
        "SystemType": "Person",
        "Tags": [],
        "Type": null,
        "Url": null,
        "VersionId": "1",
        "Visibility": null,
        "id": "eab88716-9ecf-4daf-ae86-5dda9cdb78a2",
        "Contact": {
          "Address1": null,
          "Address2": null,
          "City": "San Francisco",
          "Country": null,
          "EmailAddress": "Audrey.parent@ucsf.edu",
          "PhoneNumber": null,
          "PostalCode": null,
          "StateOrProvince": "CA"
        },
        "FirstName": "Audrey",
        "HirnMembership": {
          "Consortia": [
            {
              "CanonicalId": "HIRN-Consortium-CMAI",
              "DateCreated": "2017-11-14T22:29:09.627198+00:00",
              "DateModified": null,
              "Name": "CMAI",
              "SystemType": "PersonConsortium",
              "Tags": [],
              "Type": null,
              "Url": null,
              "VersionId": "1",
              "Visibility": null,
              "id": null,
              "RoleName": "Postdoc"
            }
          ],
          "Grants": [
            {
              "CanonicalId": "HIRN-grant-16",
              "DateCreated": "2017-11-14T22:29:09.627198+00:00",
              "DateModified": null,
              "Name": "CMAI: Anderson",
              "SystemType": "PersonGrant",
              "Tags": [],
              "Type": null,
              "Url": null,
              "VersionId": "1",
              "Visibility": null,
              "id": "119",
              "GrantNumber": " U01 DK107383",
              "RoleName": "Postdoc"
            }
          ],
          "Lab": {
            "CanonicalId": "HIRN-Lab-22",
            "DateCreated": "2017-11-14T22:29:09.627198+00:00",
            "DateModified": null,
            "Name": "Mark Anderson, Matthias Hebrok",
            "SystemType": "PersonLab",
            "Tags": [],
            "Type": null,
            "Url": null,
            "VersionId": "1",
            "Visibility": null,
            "id": null,
            "RoleName": "Postdoc"
          }
        },
        "LastName": "Parent",
        "Organization": {
          "CanonicalId": "HIRN-inst-41",
          "DateCreated": "2017-11-14T22:29:09.627198+00:00",
          "DateModified": null,
          "Name": "University of California, San Francisco",
          "SystemType": "Organization",
          "Tags": [],
          "Type": null,
          "Url": null,
          "VersionId": "1",
          "Visibility": null,
          "id": null
        },
        "Suffix": "PhD"
      },
      "id": null,
      "CanonicalId": null,
      "Url": null,
      "Name": null,
      "Type": null,
      "SystemType": "Contributor",
      "Tags": [],
      "Visibility": null,
      "DateCreated": "",
      "DateModified": "",
      "VersionId": "1",
      "SerializationMode": "full"
    },
    {
      "Role": {
        "OntologyId": "HIRN",
        "id": "hirn-cv-ResourceRole-producer",
        "CanonicalId": "hirn-cv-ResourceRole-producer",
        "Url": "resources.hirnetwork.org/api/v1/CV/",
        "Name": "Producer",
        "Type": null,
        "SystemType": "CodedValue",
        "Tags": [],
        "Visibility": null,
        "DateCreated": "2017-11-14T00:23:22.4515624+00:00",
        "VersionId": "1",
        "SerializationMode": "full"
      },
      "Person": {
        "CanonicalId": "mark_anderson@hirnetwork.org",
        "DateCreated": "2017-11-14T22:29:09.626198+00:00",
        "DateModified": null,
        "Name": null,
        "SystemType": "Person",
        "Tags": [],
        "Type": null,
        "Url": null,
        "VersionId": "1",
        "Visibility": null,
        "id": "d659290f-5265-4b35-a5bd-6e3bffcf9435",
        "Contact": {
          "Address1": null,
          "Address2": null,
          "City": "San Francisco",
          "Country": null,
          "EmailAddress": "Mark.Anderson@ucsf.edu",
          "PhoneNumber": null,
          "PostalCode": null,
          "StateOrProvince": "CA"
        },
        "FirstName": "Mark S.",
        "HirnMembership": {
          "Consortia": [
            {
              "CanonicalId": "HIRN-Consortium-CMAI",
              "DateCreated": "2017-11-14T22:29:09.626198+00:00",
              "DateModified": null,
              "Name": "CMAI",
              "SystemType": "PersonConsortium",
              "Tags": [],
              "Type": null,
              "Url": null,
              "VersionId": "1",
              "Visibility": null,
              "id": null,
              "RoleName": "Investigator"
            }
          ],
          "Grants": [
            {
              "CanonicalId": "HIRN-grant-16",
              "DateCreated": "2017-11-14T22:29:09.626198+00:00",
              "DateModified": null,
              "Name": "CMAI: Anderson",
              "SystemType": "PersonGrant",
              "Tags": [],
              "Type": null,
              "Url": null,
              "VersionId": "1",
              "Visibility": null,
              "id": "15",
              "GrantNumber": " U01 DK107383",
              "RoleName": "Investigator"
            }
          ],
          "Lab": {
            "CanonicalId": null,
            "DateCreated": "2017-11-14T22:29:09.626198+00:00",
            "DateModified": null,
            "Name": null,
            "SystemType": "PersonLab",
            "Tags": [],
            "Type": null,
            "Url": null,
            "VersionId": "1",
            "Visibility": null,
            "id": null,
            "RoleName": null
          }
        },
        "LastName": "Anderson",
        "Organization": {
          "CanonicalId": "HIRN-inst-41",
          "DateCreated": "2017-11-14T22:29:09.626198+00:00",
          "DateModified": null,
          "Name": "University of California, San Francisco",
          "SystemType": "Organization",
          "Tags": [],
          "Type": null,
          "Url": null,
          "VersionId": "1",
          "Visibility": null,
          "id": null
        },
        "Suffix": "MD, PhD"
      },
      "id": null,
      "CanonicalId": null,
      "Url": null,
      "Name": null,
      "Type": null,
      "SystemType": "Contributor",
      "Tags": [],
      "Visibility": null,
      "DateCreated": "",
      "DateModified": "",
      "VersionId": "1",
      "SerializationMode": "full"
    }
  ],
  "ContributorsOld": [],
  "ContributorsTemp": [],
  "PrimaryResourceType": {
    "TargetClassType": "Dataset",
    "ParentResourceTypeId": "",
    "id": "HIRN-Ds",
    "CanonicalId": "HIRN-Ds",
    "Url": null,
    "Name": "Datasets",
    "Type": null,
    "SystemType": "ResourceTypeExtended",
    "Tags": [],
    "Visibility": null,
    "DateCreated": "2017-11-14T00:23:20.1036363+00:00",
    "VersionId": "1",
    "SerializationMode": "full"
  },
  "SecondaryResourceType": {
    "TargetClassType": "Transcriptomics",
    "ParentResourceTypeId": "HIRN-Ds",
    "id": "HIRN-Ds-Trans",
    "CanonicalId": "HIRN-Ds-Trans",
    "Url": null,
    "Name": "Transcriptomics",
    "Type": null,
    "SystemType": "ResourceTypeExtended",
    "Tags": [],
    "Visibility": null,
    "DateCreated": "2017-11-14T00:23:20.1036363+00:00",
    "VersionId": "1",
    "SerializationMode": "full"
  },
  "ResourceApplications": [],
  "Vendor": {
    "Contact": {
      "EmailAddress": null,
      "Address1": null,
      "Address2": null,
      "City": null,
      "StateOrProvince": null,
      "PostalCode": null,
      "Country": null,
      "PhoneNumber": null
    },
    "id": null,
    "CanonicalId": null,
    "Url": null,
    "Name": null,
    "Type": null,
    "SystemType": "Vendor",
    "Tags": [],
    "Visibility": null,
    "DateCreated": "2019-04-24T22:53:30.7665018+00:00",
    "VersionId": "1",
    "SerializationMode": "full"
  },
  "VendorName": null,
  "VendorResourceUrl": null,
  "VendorLotNumber": null,
  "VendorCatNumber": null,
  "CurationStatus": {
    "OntologyId": "HIRN",
    "id": "hirn-cv-CurationStatus-unreleased",
    "CanonicalId": "hirn-cv-CurationStatus-unreleased",
    "Url": "resources.hirnetwork.org/api/v1/CV/",
    "Name": "Unreleased",
    "Type": null,
    "SystemType": "CodedValue",
    "Tags": [],
    "Visibility": null,
    "DateCreated": "2017-11-14T00:23:22.4515624+00:00",
    "VersionId": "1",
    "SerializationMode": "full"
  },
  "Attachments": [],
  "DefiningManuscriptId": "30022164",
  "BatchNumber": "4",
  "id": "539d88d7-1ce7-464a-84f0-2204431d4c80",
  "CanonicalId": "GSE114895",
  "Url": "https://www.ncbi.nlm.nih.gov/geo/query/acc.cgi?acc=GSE114895",
  "Name": "RNA-seq of thymic tuft cells in in C57BL/6 and Aire-/- mice",
  "Type": "Resource",
  "SystemType": "Transcriptomics",
  "Tags": [],
  "Visibility": null,
  "DateCreated": "2019-04-24T22:53:30+00:00",
  "VersionId": "1",
  "SerializationMode": "full"
}
