{
  "TechnologyType": {
    "OntologyId": "OBI",
    "id": null,
    "CanonicalId": "http://purl.obolibrary.org/obo/OBI_0001271",
    "Url": "http://purl.obolibrary.org/obo/OBI_0001271",
    "Name": "RNA-seq assay",
    "Type": null,
    "SystemType": "CodedValue",
    "Tags": [],
    "Visibility": null,
    "DateCreated": "",
    "DateModified": "",
    "VersionId": "1",
    "SerializationMode": "full"
  },
  "BiosampleCharacteristics": [],
  "BiosampleType": [
    {
      "OntologyId": "CL",
      "id": null,
      "CanonicalId": "http://purl.obolibrary.org/obo/CL_0002204",
      "Url": "http://purl.obolibrary.org/obo/CL_0002204",
      "Name": "brush cell",
      "Type": null,
      "SystemType": "CodedValue",
      "Tags": [],
      "Visibility": null,
      "DateCreated": "",
      "DateModified": "",
      "VersionId": "1",
      "SerializationMode": "full"
    },
    {
      "OntologyId": "NCBITAXON",
      "id": null,
      "CanonicalId": "http://purl.bioontology.org/ontology/NCBITAXON/10090",
      "Url": "http://purl.bioontology.org/ontology/NCBITAXON/10090",
      "Name": "mouse",
      "Type": null,
      "SystemType": "CodedValue",
      "Tags": [],
      "Visibility": null,
      "DateCreated": "",
      "DateModified": "",
      "VersionId": "1",
      "SerializationMode": "full"
    }
  ],
  "DatasetValue": {
    "OntologyId": null,
    "id": null,
    "CanonicalId": null,
    "Url": null,
    "Name": "5",
    "Type": null,
    "SystemType": "CodedValue",
    "Tags": [],
    "Visibility": null,
    "DateCreated": "2019-04-25T23:57:43.7911557+00:00",
    "VersionId": "1",
    "SerializationMode": "full"
  },
  "AlternateNames": [],
  "Publications": [],
  "SecondaryIdentifiers": [],
  "Description": "Tuft cells were identified as CD11c-;CD45-;EpCAM+;IL-25+ using Flare25 reporter mice. The data were used to investigate thymic tuft cell heterogeneity with and without AIRE protein expression.",
  "Contributors": [
    {
      "Role": {
        "OntologyId": "HIRN",
        "id": "hirn-cv-ResourceRole-producer",
        "CanonicalId": "hirn-cv-ResourceRole-producer",
        "Url": "resources.hirnetwork.org/api/v1/CV/",
        "Name": "Producer",
        "Type": null,
        "SystemType": "CodedValue",
        "Tags": [],
        "Visibility": null,
        "DateCreated": "2017-11-14T00:23:22.4515624+00:00",
        "VersionId": "1",
        "SerializationMode": "full"
      },
      "Participant": {
        "FirstName": "Audrey",
        "LastName": "Parent",
        "MiddleName": null,
        "Suffix": "PhD",
        "Contact": {
          "EmailAddress": "Audrey.parent@ucsf.edu",
          "Address1": null,
          "Address2": null,
          "City": "San Francisco",
          "StateOrProvince": "CA",
          "PostalCode": null,
          "Country": "",
          "PhoneNumber": ""
        },
        "Groups": [
          {
            "Group": {
              "id": null,
              "CanonicalId": "HIRN-Consortium-CMAI",
              "Url": null,
              "Name": "CMAI",
              "Type": null,
              "SystemType": "Group",
              "Tags": [],
              "Visibility": null,
              "DateCreated": "2019-03-26T17:34:41.949972+00:00",
              "VersionId": "1",
              "SerializationMode": "full"
            },
            "RoleName": "Postdoc"
          }
        ],
        "Grants": [
          {
            "Grant": {
              "GrantNumber": " U01 DK107383",
              "id": "119",
              "CanonicalId": "HIRN-grant-16",
              "Url": null,
              "Name": "CMAI: Anderson",
              "Type": null,
              "SystemType": "Grant",
              "Tags": [],
              "Visibility": null,
              "DateCreated": "2019-03-26T17:34:41.949972+00:00",
              "VersionId": "1",
              "SerializationMode": "full"
            },
            "RoleName": "Postdoc"
          }
        ],
        "LabMembership": {
          "Lab": {
            "id": null,
            "CanonicalId": "HIRN-Lab-22",
            "Url": null,
            "Name": "Mark Anderson, Matthias Hebrok",
            "Type": null,
            "SystemType": "Lab",
            "Tags": [],
            "Visibility": null,
            "DateCreated": "2019-03-26T17:34:41.949972+00:00",
            "VersionId": "1",
            "SerializationMode": "full"
          },
          "RoleName": "Postdoc"
        },
        "Organization": {
          "id": null,
          "CanonicalId": "HIRN-inst-41",
          "Url": null,
          "Name": "University of California, San Francisco",
          "Type": null,
          "SystemType": "Organization",
          "Tags": [],
          "Visibility": null,
          "DateCreated": "2019-03-26T17:34:41.949972+00:00",
          "VersionId": "1",
          "SerializationMode": "full"
        },
        "id": "1b8aac88-8bff-41ed-a1c1-6df32727b251",
        "CanonicalId": "audrey_parent@hirnetwork.org",
        "Url": null,
        "Name": null,
        "Type": null,
        "SystemType": "Person",
        "Tags": [],
        "Visibility": null,
        "DateCreated": "2019-03-26T17:34:41.949972+00:00",
        "VersionId": "1",
        "SerializationMode": "full"
      },
      "id": null,
      "CanonicalId": null,
      "Url": null,
      "Name": null,
      "Type": null,
      "SystemType": "Contributor",
      "Tags": [],
      "Visibility": null,
      "DateCreated": "",
      "DateModified": "",
      "VersionId": "1",
      "SerializationMode": "full"
    },
    {
      "Role": {
        "OntologyId": "HIRN",
        "id": "hirn-cv-ResourceRole-producer",
        "CanonicalId": "hirn-cv-ResourceRole-producer",
        "Url": "resources.hirnetwork.org/api/v1/CV/",
        "Name": "Producer",
        "Type": null,
        "SystemType": "CodedValue",
        "Tags": [],
        "Visibility": null,
        "DateCreated": "2017-11-14T00:23:22.4515624+00:00",
        "VersionId": "1",
        "SerializationMode": "full"
      },
      "Participant": {
        "FirstName": "Mark S.",
        "LastName": "Anderson",
        "MiddleName": null,
        "Suffix": "MD, PhD",
        "Contact": {
          "EmailAddress": "Mark.Anderson@ucsf.edu",
          "Address1": null,
          "Address2": null,
          "City": "San Francisco",
          "StateOrProvince": "CA",
          "PostalCode": null,
          "Country": "",
          "PhoneNumber": ""
        },
        "Groups": [
          {
            "Group": {
              "id": null,
              "CanonicalId": "HIRN-Consortium-CMAI",
              "Url": null,
              "Name": "CMAI",
              "Type": null,
              "SystemType": "Group",
              "Tags": [],
              "Visibility": null,
              "DateCreated": "2019-03-26T17:34:41.8387195+00:00",
              "VersionId": "1",
              "SerializationMode": "full"
            },
            "RoleName": "Investigator"
          }
        ],
        "Grants": [
          {
            "Grant": {
              "GrantNumber": " U01 DK107383",
              "id": "15",
              "CanonicalId": "HIRN-grant-16",
              "Url": null,
              "Name": "CMAI: Anderson",
              "Type": null,
              "SystemType": "Grant",
              "Tags": [],
              "Visibility": null,
              "DateCreated": "2019-03-26T17:34:41.8387195+00:00",
              "VersionId": "1",
              "SerializationMode": "full"
            },
            "RoleName": "Investigator"
          }
        ],
        "LabMembership": {
          "Lab": {
            "id": null,
            "CanonicalId": null,
            "Url": null,
            "Name": null,
            "Type": null,
            "SystemType": "Lab",
            "Tags": [],
            "Visibility": null,
            "DateCreated": "2019-03-26T17:34:41.8387195+00:00",
            "VersionId": "1",
            "SerializationMode": "full"
          },
          "RoleName": null
        },
        "Organization": {
          "id": null,
          "CanonicalId": "HIRN-inst-41",
          "Url": null,
          "Name": "University of California, San Francisco",
          "Type": null,
          "SystemType": "Organization",
          "Tags": [],
          "Visibility": null,
          "DateCreated": "2019-03-26T17:34:41.8387195+00:00",
          "VersionId": "1",
          "SerializationMode": "full"
        },
        "id": "408cfb9d-adbd-4f63-8c97-2d0de756f1af",
        "CanonicalId": "mark_anderson@hirnetwork.org",
        "Url": null,
        "Name": null,
        "Type": null,
        "SystemType": "Person",
        "Tags": [],
        "Visibility": null,
        "DateCreated": "2019-03-26T17:34:41.8387195+00:00",
        "VersionId": "1",
        "SerializationMode": "full"
      },
      "id": null,
      "CanonicalId": null,
      "Url": null,
      "Name": null,
      "Type": null,
      "SystemType": "Contributor",
      "Tags": [],
      "Visibility": null,
      "DateCreated": "",
      "DateModified": "",
      "VersionId": "1",
      "SerializationMode": "full"
    }
  ],
  "ContributorsOld": [],
  "ContributorsTemp": [],
  "PrimaryResourceType": {
    "TargetClassType": "Dataset",
    "ParentResourceTypeId": "",
    "id": "HIRN-Ds",
    "CanonicalId": "HIRN-Ds",
    "Url": null,
    "Name": "Datasets",
    "Type": null,
    "SystemType": "ResourceTypeExtended",
    "Tags": [],
    "Visibility": null,
    "DateCreated": "2017-11-14T00:23:20.1036363+00:00",
    "VersionId": "1",
    "SerializationMode": "full"
  },
  "SecondaryResourceType": {
    "TargetClassType": "Transcriptomics",
    "ParentResourceTypeId": "HIRN-Ds",
    "id": "HIRN-Ds-Trans",
    "CanonicalId": "HIRN-Ds-Trans",
    "Url": null,
    "Name": "Transcriptomics",
    "Type": null,
    "SystemType": "ResourceTypeExtended",
    "Tags": [],
    "Visibility": null,
    "DateCreated": "2017-11-14T00:23:20.1036363+00:00",
    "VersionId": "1",
    "SerializationMode": "full"
  },
  "ResourceApplications": [],
  "Vendor": {
    "Contact": {
      "EmailAddress": null,
      "Address1": null,
      "Address2": null,
      "City": null,
      "StateOrProvince": null,
      "PostalCode": null,
      "Country": null,
      "PhoneNumber": null
    },
    "id": null,
    "CanonicalId": null,
    "Url": null,
    "Name": null,
    "Type": null,
    "SystemType": "Vendor",
    "Tags": [],
    "Visibility": null,
    "DateCreated": "2019-04-25T23:57:43.7911557+00:00",
    "VersionId": "1",
    "SerializationMode": "full"
  },
  "VendorName": null,
  "VendorResourceUrl": null,
  "VendorLotNumber": null,
  "VendorCatNumber": null,
  "CurationStatus": {
    "OntologyId": "HIRN",
    "id": "hirn-cv-CurationStatus-public",
    "CanonicalId": "hirn-cv-CurationStatus-public",
    "Url": "resources.hirnetwork.org/api/v1/CV/",
    "Name": "Public",
    "Type": null,
    "SystemType": "CodedValue",
    "Tags": [],
    "Visibility": null,
    "DateCreated": "2017-11-14T00:23:22.4515624+00:00",
    "VersionId": "1",
    "SerializationMode": "full"
  },
  "Attachments": [],
  "DefiningManuscriptId": "30022164",
  "BatchNumber": "4",
  "id": "b8a3ffb5-63af-411b-a498-300dc7db69c7",
  "CanonicalId": "GSE114895",
  "Url": "https://www.ncbi.nlm.nih.gov/geo/query/acc.cgi?acc=GSE114895",
  "Name": "RNA-seq of thymic tuft cells in in C57BL/6 and Aire-/- mice",
  "Type": "Resource",
  "SystemType": "Transcriptomics",
  "Tags": [],
  "Visibility": null,
  "DateCreated": "2019-04-25T23:57:44+00:00",
  "VersionId": "1",
  "SerializationMode": "full"
}
