{
  "TechnologyType": {
    "OntologyId": "OBI",
    "id": null,
    "CanonicalId": "http://purl.obolibrary.org/obo/OBI_0002031",
    "Url": "http://purl.obolibrary.org/obo/OBI_0002031",
    "Name": "genotyping by SNP array",
    "Type": null,
    "SystemType": "CodedValue",
    "Tags": [],
    "Visibility": null,
    "DateCreated": "",
    "DateModified": "",
    "VersionId": "1",
    "SerializationMode": "full"
  },
  "BiosampleCharacteristics": [],
  "BiosampleType": [
    {
      "OntologyId": "NCBITAXON",
      "id": null,
      "CanonicalId": "http://purl.bioontology.org/ontology/NCBITAXON/9606",
      "Url": "http://purl.bioontology.org/ontology/NCBITAXON/9606",
      "Name": "human",
      "Type": null,
      "SystemType": "CodedValue",
      "Tags": [],
      "Visibility": null,
      "DateCreated": "",
      "DateModified": "",
      "VersionId": "1",
      "SerializationMode": "full"
    }
  ],
  "DatasetValue": {
    "OntologyId": null,
    "id": null,
    "CanonicalId": null,
    "Url": null,
    "Name": "4",
    "Type": null,
    "SystemType": "CodedValue",
    "Tags": [],
    "Visibility": null,
    "DateCreated": "2019-04-24T22:53:30.7665018+00:00",
    "VersionId": "1",
    "SerializationMode": "full"
  },
  "AlternateNames": [],
  "Publications": [],
  "SecondaryIdentifiers": [],
  "Description": "(Data not deposited/available upon request.) Includes control subjects [type 1 diabetes-unaffected and non-first- or -second-degree relatives of type 1 diabetes patients] (n = 405), first-degree relatives with ≤1 type 1 diabetes-relevant autoantibody (AAb) (n = 790), second-degree relatives with ≤1 AAb (n = 68), multiple AAb positive at-risk relatives (≥2AAb + , n = 46), and type 1 diabetes patients (n = 637). The typed loci are those curated on immunobase.org as of October 2017.",
  "Contributors": [
    {
      "Role": {
        "OntologyId": "HIRN",
        "id": "hirn-cv-ResourceRole-producer",
        "CanonicalId": "hirn-cv-ResourceRole-producer",
        "Url": "resources.hirnetwork.org/api/v1/CV/",
        "Name": "Producer",
        "Type": null,
        "SystemType": "CodedValue",
        "Tags": [],
        "Visibility": null,
        "DateCreated": "2017-11-14T00:23:22.4515624+00:00",
        "VersionId": "1",
        "SerializationMode": "full"
      },
      "Person": {
        "CanonicalId": "clive_wasserfall@hirnetwork.org",
        "DateCreated": "2017-11-14T22:29:09.627198+00:00",
        "DateModified": null,
        "Name": null,
        "SystemType": "Person",
        "Tags": [],
        "Type": null,
        "Url": null,
        "VersionId": "1",
        "Visibility": null,
        "id": "162eda97-16f7-4d45-ad48-5e43667182b2",
        "Contact": {
          "Address1": null,
          "Address2": null,
          "City": null,
          "Country": null,
          "EmailAddress": "clive@uf.edu",
          "PhoneNumber": null,
          "PostalCode": null,
          "StateOrProvince": null
        },
        "FirstName": "Clive",
        "HirnMembership": {
          "Consortia": [],
          "Grants": [],
          "Lab": {
            "CanonicalId": null,
            "DateCreated": "2017-11-14T22:29:09.627198+00:00",
            "DateModified": null,
            "Name": null,
            "SystemType": "PersonLab",
            "Tags": [],
            "Type": null,
            "Url": null,
            "VersionId": "1",
            "Visibility": null,
            "id": null,
            "RoleName": null
          }
        },
        "LastName": "Wasserfall",
        "Organization": {
          "CanonicalId": "HIRN-inst-44",
          "DateCreated": "2017-11-14T22:29:09.627198+00:00",
          "DateModified": null,
          "Name": "University of Florida",
          "SystemType": "Organization",
          "Tags": [],
          "Type": null,
          "Url": null,
          "VersionId": "1",
          "Visibility": null,
          "id": null
        },
        "Suffix": null
      },
      "id": null,
      "CanonicalId": null,
      "Url": null,
      "Name": null,
      "Type": null,
      "SystemType": "Contributor",
      "Tags": [],
      "Visibility": null,
      "DateCreated": "",
      "DateModified": "",
      "VersionId": "1",
      "SerializationMode": "full"
    },
    {
      "Role": {
        "OntologyId": "HIRN",
        "id": "hirn-cv-ResourceRole-producer",
        "CanonicalId": "hirn-cv-ResourceRole-producer",
        "Url": "resources.hirnetwork.org/api/v1/CV/",
        "Name": "Producer",
        "Type": null,
        "SystemType": "CodedValue",
        "Tags": [],
        "Visibility": null,
        "DateCreated": "2017-11-14T00:23:22.4515624+00:00",
        "VersionId": "1",
        "SerializationMode": "full"
      },
      "Person": {
        "CanonicalId": "desmond_schatz@hirnetwork.org",
        "DateCreated": "2017-11-14T22:29:09.627198+00:00",
        "DateModified": null,
        "Name": null,
        "SystemType": "Person",
        "Tags": [],
        "Type": null,
        "Url": null,
        "VersionId": "1",
        "Visibility": null,
        "id": "a32a6e38-99ae-4733-bdd5-9f0d9c935262",
        "Contact": {
          "Address1": null,
          "Address2": null,
          "City": "Gainesville",
          "Country": "USA",
          "EmailAddress": "schatda@peds.ufl.edu",
          "PhoneNumber": null,
          "PostalCode": null,
          "StateOrProvince": "FL"
        },
        "FirstName": "Desmond",
        "HirnMembership": {
          "Consortia": [
            {
              "CanonicalId": "HIRN-Consortium-CBDS",
              "DateCreated": "2017-11-14T22:29:09.627198+00:00",
              "DateModified": null,
              "Name": "CBDS",
              "SystemType": "PersonConsortium",
              "Tags": [],
              "Type": null,
              "Url": null,
              "VersionId": "1",
              "Visibility": null,
              "id": null,
              "RoleName": "Investigator"
            }
          ],
          "Grants": [
            {
              "CanonicalId": "HIRN-grant-22",
              "DateCreated": "2017-11-14T22:29:09.627198+00:00",
              "DateModified": null,
              "Name": "CBDS: Schatz 1",
              "SystemType": "PersonGrant",
              "Tags": [],
              "Type": null,
              "Url": null,
              "VersionId": "1",
              "Visibility": null,
              "id": "21",
              "GrantNumber": "UC4 DK104216",
              "RoleName": "Investigator"
            }
          ],
          "Lab": {
            "CanonicalId": null,
            "DateCreated": "2017-11-14T22:29:09.627198+00:00",
            "DateModified": null,
            "Name": null,
            "SystemType": "PersonLab",
            "Tags": [],
            "Type": null,
            "Url": null,
            "VersionId": "1",
            "Visibility": null,
            "id": null,
            "RoleName": null
          }
        },
        "LastName": "Schatz",
        "Organization": {
          "CanonicalId": "HIRN-inst-44",
          "DateCreated": "2017-11-14T22:29:09.627198+00:00",
          "DateModified": null,
          "Name": "University of Florida",
          "SystemType": "Organization",
          "Tags": [],
          "Type": null,
          "Url": null,
          "VersionId": "1",
          "Visibility": null,
          "id": null
        },
        "Suffix": "MD"
      },
      "id": null,
      "CanonicalId": null,
      "Url": null,
      "Name": null,
      "Type": null,
      "SystemType": "Contributor",
      "Tags": [],
      "Visibility": null,
      "DateCreated": "",
      "DateModified": "",
      "VersionId": "1",
      "SerializationMode": "full"
    },
    {
      "Role": {
        "OntologyId": "HIRN",
        "id": "hirn-cv-ResourceRole-producer",
        "CanonicalId": "hirn-cv-ResourceRole-producer",
        "Url": "resources.hirnetwork.org/api/v1/CV/",
        "Name": "Producer",
        "Type": null,
        "SystemType": "CodedValue",
        "Tags": [],
        "Visibility": null,
        "DateCreated": "2017-11-14T00:23:22.4515624+00:00",
        "VersionId": "1",
        "SerializationMode": "full"
      },
      "Person": {
        "CanonicalId": "mark_wallet@hirnetwork.org",
        "DateCreated": "2017-11-14T22:29:09.627198+00:00",
        "DateModified": null,
        "Name": null,
        "SystemType": "Person",
        "Tags": [],
        "Type": null,
        "Url": null,
        "VersionId": "1",
        "Visibility": null,
        "id": "a5c45458-1851-4585-8f0b-ffa13dca7360",
        "Contact": {
          "Address1": null,
          "Address2": null,
          "City": "Gainesville",
          "Country": "USA",
          "EmailAddress": "mawallet@pathology.ufl.edu",
          "PhoneNumber": "352.273.8164",
          "PostalCode": null,
          "StateOrProvince": "FL"
        },
        "FirstName": "Mark",
        "HirnMembership": {
          "Consortia": [
            {
              "CanonicalId": "HIRN-Consortium-CMAI",
              "DateCreated": "2017-11-14T22:29:09.627198+00:00",
              "DateModified": null,
              "Name": "CMAI",
              "SystemType": "PersonConsortium",
              "Tags": [],
              "Type": null,
              "Url": null,
              "VersionId": "1",
              "Visibility": null,
              "id": null,
              "RoleName": "Co-Investigator"
            }
          ],
          "Grants": [],
          "Lab": {
            "CanonicalId": null,
            "DateCreated": "2017-11-14T22:29:09.627198+00:00",
            "DateModified": null,
            "Name": null,
            "SystemType": "PersonLab",
            "Tags": [],
            "Type": null,
            "Url": null,
            "VersionId": "1",
            "Visibility": null,
            "id": null,
            "RoleName": null
          }
        },
        "LastName": "Wallet",
        "Organization": {
          "CanonicalId": "HIRN-inst-44",
          "DateCreated": "2017-11-14T22:29:09.627198+00:00",
          "DateModified": null,
          "Name": "University of Florida",
          "SystemType": "Organization",
          "Tags": [],
          "Type": null,
          "Url": null,
          "VersionId": "1",
          "Visibility": null,
          "id": null
        },
        "Suffix": "PhD"
      },
      "id": null,
      "CanonicalId": null,
      "Url": null,
      "Name": null,
      "Type": null,
      "SystemType": "Contributor",
      "Tags": [],
      "Visibility": null,
      "DateCreated": "",
      "DateModified": "",
      "VersionId": "1",
      "SerializationMode": "full"
    },
    {
      "Role": {
        "OntologyId": "HIRN",
        "id": "hirn-cv-ResourceRole-producer",
        "CanonicalId": "hirn-cv-ResourceRole-producer",
        "Url": "resources.hirnetwork.org/api/v1/CV/",
        "Name": "Producer",
        "Type": null,
        "SystemType": "CodedValue",
        "Tags": [],
        "Visibility": null,
        "DateCreated": "2017-11-14T00:23:22.4515624+00:00",
        "VersionId": "1",
        "SerializationMode": "full"
      },
      "Person": {
        "CanonicalId": "clayton_mathews@hirnetwork.org",
        "DateCreated": "2017-11-14T22:29:09.627198+00:00",
        "DateModified": null,
        "Name": null,
        "SystemType": "Person",
        "Tags": [],
        "Type": null,
        "Url": null,
        "VersionId": "1",
        "Visibility": null,
        "id": "99e26de6-800c-4f4a-b9b7-1c0364dec099",
        "Contact": {
          "Address1": null,
          "Address2": null,
          "City": "Gainesville",
          "Country": "USA",
          "EmailAddress": "cxm@ufl.edu",
          "PhoneNumber": null,
          "PostalCode": null,
          "StateOrProvince": "FL"
        },
        "FirstName": "Clayton",
        "HirnMembership": {
          "Consortia": [
            {
              "CanonicalId": "HIRN-Consortium-CMAI",
              "DateCreated": "2017-11-14T22:29:09.627198+00:00",
              "DateModified": null,
              "Name": "CMAI",
              "SystemType": "PersonConsortium",
              "Tags": [],
              "Type": null,
              "Url": null,
              "VersionId": "1",
              "Visibility": null,
              "id": null,
              "RoleName": "Investigator"
            }
          ],
          "Grants": [
            {
              "CanonicalId": "HIRN-grant-14",
              "DateCreated": "2017-11-14T22:29:09.627198+00:00",
              "DateModified": null,
              "Name": "CMAI: Matthews",
              "SystemType": "PersonGrant",
              "Tags": [],
              "Type": null,
              "Url": null,
              "VersionId": "1",
              "Visibility": null,
              "id": "13",
              "GrantNumber": "UC4 DK104194",
              "RoleName": "Investigator"
            }
          ],
          "Lab": {
            "CanonicalId": null,
            "DateCreated": "2017-11-14T22:29:09.627198+00:00",
            "DateModified": null,
            "Name": null,
            "SystemType": "PersonLab",
            "Tags": [],
            "Type": null,
            "Url": null,
            "VersionId": "1",
            "Visibility": null,
            "id": null,
            "RoleName": null
          }
        },
        "LastName": "Mathews",
        "Organization": {
          "CanonicalId": "HIRN-inst-44",
          "DateCreated": "2017-11-14T22:29:09.627198+00:00",
          "DateModified": null,
          "Name": "University of Florida",
          "SystemType": "Organization",
          "Tags": [],
          "Type": null,
          "Url": null,
          "VersionId": "1",
          "Visibility": null,
          "id": null
        },
        "Suffix": "PhD"
      },
      "id": null,
      "CanonicalId": null,
      "Url": null,
      "Name": null,
      "Type": null,
      "SystemType": "Contributor",
      "Tags": [],
      "Visibility": null,
      "DateCreated": "",
      "DateModified": "",
      "VersionId": "1",
      "SerializationMode": "full"
    },
    {
      "Role": {
        "OntologyId": "HIRN",
        "id": "hirn-cv-ResourceRole-producer",
        "CanonicalId": "hirn-cv-ResourceRole-producer",
        "Url": "resources.hirnetwork.org/api/v1/CV/",
        "Name": "Producer",
        "Type": null,
        "SystemType": "CodedValue",
        "Tags": [],
        "Visibility": null,
        "DateCreated": "2017-11-14T00:23:22.4515624+00:00",
        "VersionId": "1",
        "SerializationMode": "full"
      },
      "Person": {
        "CanonicalId": "mark_atkinson@hirnetwork.org",
        "DateCreated": "2017-11-14T22:29:09.626198+00:00",
        "DateModified": null,
        "Name": null,
        "SystemType": "Person",
        "Tags": [],
        "Type": null,
        "Url": null,
        "VersionId": "1",
        "Visibility": null,
        "id": "34d944d6-079a-45be-ba2a-e22950db7f87",
        "Contact": {
          "Address1": null,
          "Address2": null,
          "City": "Gainesville",
          "Country": "USA",
          "EmailAddress": "atkinson@pathology.ufl.edu",
          "PhoneNumber": "352.273.8276",
          "PostalCode": null,
          "StateOrProvince": "FL"
        },
        "FirstName": "Mark",
        "HirnMembership": {
          "Consortia": [
            {
              "CanonicalId": "HIRN-Consortium-CBDS",
              "DateCreated": "2017-11-14T22:29:09.626198+00:00",
              "DateModified": null,
              "Name": "CBDS",
              "SystemType": "PersonConsortium",
              "Tags": [],
              "Type": null,
              "Url": null,
              "VersionId": "1",
              "Visibility": null,
              "id": null,
              "RoleName": "Co-Investigator"
            }
          ],
          "Grants": [
            {
              "CanonicalId": "HIRN-grant-24",
              "DateCreated": "2017-11-14T22:29:09.626198+00:00",
              "DateModified": null,
              "Name": "CBDS: Atkinson",
              "SystemType": "PersonGrant",
              "Tags": [],
              "Type": null,
              "Url": null,
              "VersionId": "1",
              "Visibility": null,
              "id": "59",
              "GrantNumber": "UC4 DK108101",
              "RoleName": "Investigator"
            }
          ],
          "Lab": {
            "CanonicalId": null,
            "DateCreated": "2017-11-14T22:29:09.626198+00:00",
            "DateModified": null,
            "Name": null,
            "SystemType": "PersonLab",
            "Tags": [],
            "Type": null,
            "Url": null,
            "VersionId": "1",
            "Visibility": null,
            "id": null,
            "RoleName": null
          }
        },
        "LastName": "Atkinson",
        "Organization": {
          "CanonicalId": "HIRN-inst-44",
          "DateCreated": "2017-11-14T22:29:09.626198+00:00",
          "DateModified": null,
          "Name": "University of Florida",
          "SystemType": "Organization",
          "Tags": [],
          "Type": null,
          "Url": null,
          "VersionId": "1",
          "Visibility": null,
          "id": null
        },
        "Suffix": "PhD"
      },
      "id": null,
      "CanonicalId": null,
      "Url": null,
      "Name": null,
      "Type": null,
      "SystemType": "Contributor",
      "Tags": [],
      "Visibility": null,
      "DateCreated": "",
      "DateModified": "",
      "VersionId": "1",
      "SerializationMode": "full"
    },
    {
      "Role": {
        "OntologyId": "HIRN",
        "id": "hirn-cv-ResourceRole-producer",
        "CanonicalId": "hirn-cv-ResourceRole-producer",
        "Url": "resources.hirnetwork.org/api/v1/CV/",
        "Name": "Producer",
        "Type": null,
        "SystemType": "CodedValue",
        "Tags": [],
        "Visibility": null,
        "DateCreated": "2017-11-14T00:23:22.4515624+00:00",
        "VersionId": "1",
        "SerializationMode": "full"
      },
      "Person": {
        "CanonicalId": "todd_brusko@hirnetwork.org",
        "DateCreated": "2017-11-14T22:29:09.626198+00:00",
        "DateModified": null,
        "Name": null,
        "SystemType": "Person",
        "Tags": [],
        "Type": null,
        "Url": null,
        "VersionId": "1",
        "Visibility": null,
        "id": "30bf246a-c493-4896-8355-77674ac0895b",
        "Contact": {
          "Address1": null,
          "Address2": null,
          "City": "Gainesville",
          "Country": "USA",
          "EmailAddress": "tbrusko@ufl.edu",
          "PhoneNumber": null,
          "PostalCode": null,
          "StateOrProvince": "FL"
        },
        "FirstName": "Todd",
        "HirnMembership": {
          "Consortia": [
            {
              "CanonicalId": "HIRN-Consortium-CMAI",
              "DateCreated": "2017-11-14T22:29:09.626198+00:00",
              "DateModified": null,
              "Name": "CMAI",
              "SystemType": "PersonConsortium",
              "Tags": [],
              "Type": null,
              "Url": null,
              "VersionId": "1",
              "Visibility": null,
              "id": null,
              "RoleName": "Co-Investigator"
            }
          ],
          "Grants": [
            {
              "CanonicalId": "HIRN-grant-14",
              "DateCreated": "2017-11-14T22:29:09.626198+00:00",
              "DateModified": null,
              "Name": "CMAI: Matthews",
              "SystemType": "PersonGrant",
              "Tags": [],
              "Type": null,
              "Url": null,
              "VersionId": "1",
              "Visibility": null,
              "id": "46",
              "GrantNumber": "UC4 DK104194",
              "RoleName": "Co-Investigator"
            }
          ],
          "Lab": {
            "CanonicalId": null,
            "DateCreated": "2017-11-14T22:29:09.626198+00:00",
            "DateModified": null,
            "Name": null,
            "SystemType": "PersonLab",
            "Tags": [],
            "Type": null,
            "Url": null,
            "VersionId": "1",
            "Visibility": null,
            "id": null,
            "RoleName": null
          }
        },
        "LastName": "Brusko",
        "Organization": {
          "CanonicalId": "HIRN-inst-44",
          "DateCreated": "2017-11-14T22:29:09.626198+00:00",
          "DateModified": null,
          "Name": "University of Florida",
          "SystemType": "Organization",
          "Tags": [],
          "Type": null,
          "Url": null,
          "VersionId": "1",
          "Visibility": null,
          "id": null
        },
        "Suffix": "PhD"
      },
      "id": null,
      "CanonicalId": null,
      "Url": null,
      "Name": null,
      "Type": null,
      "SystemType": "Contributor",
      "Tags": [],
      "Visibility": null,
      "DateCreated": "",
      "DateModified": "",
      "VersionId": "1",
      "SerializationMode": "full"
    }
  ],
  "ContributorsOld": [],
  "ContributorsTemp": [],
  "PrimaryResourceType": {
    "TargetClassType": "Dataset",
    "ParentResourceTypeId": "",
    "id": "HIRN-Ds",
    "CanonicalId": "HIRN-Ds",
    "Url": null,
    "Name": "Datasets",
    "Type": null,
    "SystemType": "ResourceTypeExtended",
    "Tags": [],
    "Visibility": null,
    "DateCreated": "2017-11-14T00:23:20.1036363+00:00",
    "VersionId": "1",
    "SerializationMode": "full"
  },
  "SecondaryResourceType": {
    "TargetClassType": "Genomics",
    "ParentResourceTypeId": "HIRN-Ds",
    "id": "HIRN-Ds-Gen",
    "CanonicalId": "HIRN-Ds-Gen",
    "Url": null,
    "Name": "Genomics",
    "Type": null,
    "SystemType": "ResourceTypeExtended",
    "Tags": [],
    "Visibility": null,
    "DateCreated": "2017-11-14T00:23:20.1036363+00:00",
    "VersionId": "1",
    "SerializationMode": "full"
  },
  "ResourceApplications": [],
  "Vendor": {
    "Contact": {
      "EmailAddress": null,
      "Address1": null,
      "Address2": null,
      "City": null,
      "StateOrProvince": null,
      "PostalCode": null,
      "Country": null,
      "PhoneNumber": null
    },
    "id": null,
    "CanonicalId": null,
    "Url": null,
    "Name": null,
    "Type": null,
    "SystemType": "Vendor",
    "Tags": [],
    "Visibility": null,
    "DateCreated": "2019-04-24T22:53:30.7665018+00:00",
    "VersionId": "1",
    "SerializationMode": "full"
  },
  "VendorName": null,
  "VendorResourceUrl": null,
  "VendorLotNumber": null,
  "VendorCatNumber": null,
  "CurationStatus": {
    "OntologyId": "HIRN",
    "id": "hirn-cv-CurationStatus-unreleased",
    "CanonicalId": "hirn-cv-CurationStatus-unreleased",
    "Url": "resources.hirnetwork.org/api/v1/CV/",
    "Name": "Unreleased",
    "Type": null,
    "SystemType": "CodedValue",
    "Tags": [],
    "Visibility": null,
    "DateCreated": "2017-11-14T00:23:22.4515624+00:00",
    "VersionId": "1",
    "SerializationMode": "full"
  },
  "Attachments": [],
  "DefiningManuscriptId": "29540798",
  "BatchNumber": "4",
  "id": "1fc0bbad-0080-4fcf-bd62-5cc0edea0a14",
  "CanonicalId": "Request",
  "Url": "",
  "Name": "Genotyping data of diabetes-risk variants for 1,946 research participants from the University of Florida Diabetes Institute (UFDI) cohort",
  "Type": "Resource",
  "SystemType": "Genomics",
  "Tags": [],
  "Visibility": null,
  "DateCreated": "2019-04-24T22:53:31+00:00",
  "VersionId": "1",
  "SerializationMode": "full"
}
