{
  "TechnologyType": {
    "OntologyId": "OBI",
    "id": null,
    "CanonicalId": "http://purl.obolibrary.org/obo/OBI_0001271",
    "Url": "http://purl.obolibrary.org/obo/OBI_0001271",
    "Name": "RNA-seq assay",
    "Type": null,
    "SystemType": "CodedValue",
    "Tags": [],
    "Visibility": null,
    "DateCreated": "",
    "DateModified": "",
    "VersionId": "1",
    "SerializationMode": "full"
  },
  "BiosampleCharacteristics": [
    {
      "OntologyId": "DOID",
      "id": null,
      "CanonicalId": "http://purl.obolibrary.org/obo/DOID_1485",
      "Url": "http://purl.obolibrary.org/obo/DOID_1485",
      "Name": "cystic fibrosis",
      "Type": null,
      "SystemType": "CodedValue",
      "Tags": [],
      "Visibility": null,
      "DateCreated": "",
      "DateModified": "",
      "VersionId": "1",
      "SerializationMode": "full"
    }
  ],
  "BiosampleType": [
    {
      "OntologyId": "CL",
      "id": null,
      "CanonicalId": "http://purl.obolibrary.org/obo/UBERON_0000006",
      "Url": "http://purl.obolibrary.org/obo/UBERON_0000006",
      "Name": "islet of Langerhans",
      "Type": null,
      "SystemType": "CodedValue",
      "Tags": [],
      "Visibility": null,
      "DateCreated": "",
      "DateModified": "",
      "VersionId": "1",
      "SerializationMode": "full"
    },
    {
      "OntologyId": "NCBITAXON",
      "id": null,
      "CanonicalId": "http://purl.bioontology.org/ontology/NCBITAXON/9606",
      "Url": "http://purl.bioontology.org/ontology/NCBITAXON/9606",
      "Name": "human",
      "Type": null,
      "SystemType": "CodedValue",
      "Tags": [],
      "Visibility": null,
      "DateCreated": "",
      "DateModified": "",
      "VersionId": "1",
      "SerializationMode": "full"
    },
    {
      "OntologyId": "NCBITAXON",
      "id": null,
      "CanonicalId": "http://purl.bioontology.org/ontology/NCBITAXON/10090",
      "Url": "http://purl.bioontology.org/ontology/NCBITAXON/10090",
      "Name": "mouse",
      "Type": null,
      "SystemType": "CodedValue",
      "Tags": [],
      "Visibility": null,
      "DateCreated": "",
      "DateModified": "",
      "VersionId": "1",
      "SerializationMode": "full"
    }
  ],
  "DatasetValue": {
    "OntologyId": null,
    "id": null,
    "CanonicalId": null,
    "Url": null,
    "Name": "3",
    "Type": null,
    "SystemType": "CodedValue",
    "Tags": [],
    "Visibility": null,
    "DateCreated": "2019-04-24T22:53:30.7665018+00:00",
    "VersionId": "1",
    "SerializationMode": "full"
  },
  "AlternateNames": [],
  "Publications": [],
  "SecondaryIdentifiers": [],
  "Description": "Includes samples from five healthy human donors and five cystric fibrosis human donors. Also includes 12 samples from mouse. The data was used to investigate Cystic fibrosis (CF)-related diabetes (CFRD).",
  "Contributors": [
    {
      "Role": {
        "OntologyId": "HIRN",
        "id": "hirn-cv-ResourceRole-producer",
        "CanonicalId": "hirn-cv-ResourceRole-producer",
        "Url": "resources.hirnetwork.org/api/v1/CV/",
        "Name": "Producer",
        "Type": null,
        "SystemType": "CodedValue",
        "Tags": [],
        "Visibility": null,
        "DateCreated": "2017-11-14T00:23:22.4515624+00:00",
        "VersionId": "1",
        "SerializationMode": "full"
      },
      "Person": {
        "CanonicalId": "greg_poffenberger@hirnetwork.org",
        "DateCreated": "2017-11-14T22:29:09.627198+00:00",
        "DateModified": null,
        "Name": null,
        "SystemType": "Person",
        "Tags": [],
        "Type": null,
        "Url": null,
        "VersionId": "1",
        "Visibility": null,
        "id": "7feda9fe-22de-4fd5-b415-250cc3e28a00",
        "Contact": {
          "Address1": null,
          "Address2": null,
          "City": "Nashville",
          "Country": null,
          "EmailAddress": "greg.poffenberger@Vanderbilt.Edu",
          "PhoneNumber": null,
          "PostalCode": null,
          "StateOrProvince": "TN"
        },
        "FirstName": "Greg",
        "HirnMembership": {
          "Consortia": [],
          "Grants": [],
          "Lab": {
            "CanonicalId": "HIRN-Lab-1",
            "DateCreated": "2017-11-14T22:29:09.627198+00:00",
            "DateModified": null,
            "Name": "Al Powers",
            "SystemType": "PersonLab",
            "Tags": [],
            "Type": null,
            "Url": null,
            "VersionId": "1",
            "Visibility": null,
            "id": null,
            "RoleName": "Research Staff"
          }
        },
        "LastName": "Poffenberger",
        "Organization": {
          "CanonicalId": "HIRN-inst-54",
          "DateCreated": "2017-11-14T22:29:09.627198+00:00",
          "DateModified": null,
          "Name": "Vanderbilt  University",
          "SystemType": "Organization",
          "Tags": [],
          "Type": null,
          "Url": null,
          "VersionId": "1",
          "Visibility": null,
          "id": null
        },
        "Suffix": null
      },
      "id": null,
      "CanonicalId": null,
      "Url": null,
      "Name": null,
      "Type": null,
      "SystemType": "Contributor",
      "Tags": [],
      "Visibility": null,
      "DateCreated": "",
      "DateModified": "",
      "VersionId": "1",
      "SerializationMode": "full"
    },
    {
      "Role": {
        "OntologyId": "HIRN",
        "id": "hirn-cv-ResourceRole-producer",
        "CanonicalId": "hirn-cv-ResourceRole-producer",
        "Url": "resources.hirnetwork.org/api/v1/CV/",
        "Name": "Producer",
        "Type": null,
        "SystemType": "CodedValue",
        "Tags": [],
        "Visibility": null,
        "DateCreated": "2017-11-14T00:23:22.4515624+00:00",
        "VersionId": "1",
        "SerializationMode": "full"
      },
      "Person": {
        "CanonicalId": "marcela_brissova@hirnetwork.org",
        "DateCreated": "2017-11-14T22:29:09.626198+00:00",
        "DateModified": null,
        "Name": null,
        "SystemType": "Person",
        "Tags": [],
        "Type": null,
        "Url": null,
        "VersionId": "1",
        "Visibility": null,
        "id": "a0f86740-86b6-4878-8a05-0f821d1fe495",
        "Contact": {
          "Address1": null,
          "Address2": null,
          "City": "Nashville",
          "Country": "USA",
          "EmailAddress": "marcela.brissova@vanderbilt.edu",
          "PhoneNumber": null,
          "PostalCode": null,
          "StateOrProvince": "TN"
        },
        "FirstName": "Marcela",
        "HirnMembership": {
          "Consortia": [
            {
              "CanonicalId": "HIRN-Consortium-CTAR",
              "DateCreated": "2017-11-14T22:29:09.626198+00:00",
              "DateModified": null,
              "Name": "CTAR",
              "SystemType": "PersonConsortium",
              "Tags": [],
              "Type": null,
              "Url": null,
              "VersionId": "1",
              "Visibility": null,
              "id": null,
              "RoleName": "Co-Investigator"
            }
          ],
          "Grants": [
            {
              "CanonicalId": "HIRN-grant-4",
              "DateCreated": "2017-11-14T22:29:09.626198+00:00",
              "DateModified": null,
              "Name": "CTAR: Powers",
              "SystemType": "PersonGrant",
              "Tags": [],
              "Type": null,
              "Url": null,
              "VersionId": "1",
              "Visibility": null,
              "id": "104",
              "GrantNumber": "UC4 DK104211  ",
              "RoleName": "Co-Investigator"
            }
          ],
          "Lab": {
            "CanonicalId": null,
            "DateCreated": "2017-11-14T22:29:09.626198+00:00",
            "DateModified": null,
            "Name": null,
            "SystemType": "PersonLab",
            "Tags": [],
            "Type": null,
            "Url": null,
            "VersionId": "1",
            "Visibility": null,
            "id": null,
            "RoleName": null
          }
        },
        "LastName": "Brissova",
        "Organization": {
          "CanonicalId": "HIRN-inst-54",
          "DateCreated": "2017-11-14T22:29:09.626198+00:00",
          "DateModified": null,
          "Name": "Vanderbilt  University",
          "SystemType": "Organization",
          "Tags": [],
          "Type": null,
          "Url": null,
          "VersionId": "1",
          "Visibility": null,
          "id": null
        },
        "Suffix": "PhD"
      },
      "id": null,
      "CanonicalId": null,
      "Url": null,
      "Name": null,
      "Type": null,
      "SystemType": "Contributor",
      "Tags": [],
      "Visibility": null,
      "DateCreated": "",
      "DateModified": "",
      "VersionId": "1",
      "SerializationMode": "full"
    },
    {
      "Role": {
        "OntologyId": "HIRN",
        "id": "hirn-cv-ResourceRole-producer",
        "CanonicalId": "hirn-cv-ResourceRole-producer",
        "Url": "resources.hirnetwork.org/api/v1/CV/",
        "Name": "Producer",
        "Type": null,
        "SystemType": "CodedValue",
        "Tags": [],
        "Visibility": null,
        "DateCreated": "2017-11-14T00:23:22.4515624+00:00",
        "VersionId": "1",
        "SerializationMode": "full"
      },
      "Person": {
        "CanonicalId": "chunhua_dai@hirnetwork.org",
        "DateCreated": "2017-11-14T22:29:09.626198+00:00",
        "DateModified": null,
        "Name": null,
        "SystemType": "Person",
        "Tags": [],
        "Type": null,
        "Url": null,
        "VersionId": "1",
        "Visibility": null,
        "id": "c0b547b8-fbd0-4c92-802a-d8bb3d83f9ab",
        "Contact": {
          "Address1": null,
          "Address2": null,
          "City": "Nasheville",
          "Country": "USA",
          "EmailAddress": "chunhua.dai@vanderbilt.edu",
          "PhoneNumber": null,
          "PostalCode": null,
          "StateOrProvince": "TN"
        },
        "FirstName": "Chunhua",
        "HirnMembership": {
          "Consortia": [
            {
              "CanonicalId": "HIRN-Consortium-CTAR",
              "DateCreated": "2017-11-14T22:29:09.626198+00:00",
              "DateModified": null,
              "Name": "CTAR",
              "SystemType": "PersonConsortium",
              "Tags": [],
              "Type": null,
              "Url": null,
              "VersionId": "1",
              "Visibility": null,
              "id": null,
              "RoleName": "Co-Investigator"
            }
          ],
          "Grants": [],
          "Lab": {
            "CanonicalId": null,
            "DateCreated": "2017-11-14T22:29:09.626198+00:00",
            "DateModified": null,
            "Name": null,
            "SystemType": "PersonLab",
            "Tags": [],
            "Type": null,
            "Url": null,
            "VersionId": "1",
            "Visibility": null,
            "id": null,
            "RoleName": null
          }
        },
        "LastName": "Dai",
        "Organization": {
          "CanonicalId": "HIRN-inst-54",
          "DateCreated": "2017-11-14T22:29:09.626198+00:00",
          "DateModified": null,
          "Name": "Vanderbilt  University",
          "SystemType": "Organization",
          "Tags": [],
          "Type": null,
          "Url": null,
          "VersionId": "1",
          "Visibility": null,
          "id": null
        },
        "Suffix": "MD"
      },
      "id": null,
      "CanonicalId": null,
      "Url": null,
      "Name": null,
      "Type": null,
      "SystemType": "Contributor",
      "Tags": [],
      "Visibility": null,
      "DateCreated": "",
      "DateModified": "",
      "VersionId": "1",
      "SerializationMode": "full"
    },
    {
      "Role": {
        "OntologyId": "HIRN",
        "id": "hirn-cv-ResourceRole-producer",
        "CanonicalId": "hirn-cv-ResourceRole-producer",
        "Url": "resources.hirnetwork.org/api/v1/CV/",
        "Name": "Producer",
        "Type": null,
        "SystemType": "CodedValue",
        "Tags": [],
        "Visibility": null,
        "DateCreated": "2017-11-14T00:23:22.4515624+00:00",
        "VersionId": "1",
        "SerializationMode": "full"
      },
      "Person": {
        "CanonicalId": "rita_bottino@hirnetwork.org",
        "DateCreated": "2017-11-14T22:29:09.626198+00:00",
        "DateModified": null,
        "Name": null,
        "SystemType": "Person",
        "Tags": [],
        "Type": null,
        "Url": null,
        "VersionId": "1",
        "Visibility": null,
        "id": "310f0296-a918-4d6b-bf18-f2d4a80f560c",
        "Contact": {
          "Address1": null,
          "Address2": null,
          "City": "Pittsburgh",
          "Country": "USA",
          "EmailAddress": "RBottino@wpahs.org",
          "PhoneNumber": null,
          "PostalCode": null,
          "StateOrProvince": "PA"
        },
        "FirstName": "Rita",
        "HirnMembership": {
          "Consortia": [
            {
              "CanonicalId": "HIRN-Consortium-CTAR",
              "DateCreated": "2017-11-14T22:29:09.626198+00:00",
              "DateModified": null,
              "Name": "CTAR",
              "SystemType": "PersonConsortium",
              "Tags": [],
              "Type": null,
              "Url": null,
              "VersionId": "1",
              "Visibility": null,
              "id": null,
              "RoleName": "Co-Investigator"
            }
          ],
          "Grants": [],
          "Lab": {
            "CanonicalId": null,
            "DateCreated": "2017-11-14T22:29:09.626198+00:00",
            "DateModified": null,
            "Name": null,
            "SystemType": "PersonLab",
            "Tags": [],
            "Type": null,
            "Url": null,
            "VersionId": "1",
            "Visibility": null,
            "id": null,
            "RoleName": null
          }
        },
        "LastName": "Bottino",
        "Organization": {
          "CanonicalId": "HIRN-inst-2",
          "DateCreated": "2017-11-14T22:29:09.626198+00:00",
          "DateModified": null,
          "Name": "Allegheny Health Network",
          "SystemType": "Organization",
          "Tags": [],
          "Type": null,
          "Url": null,
          "VersionId": "1",
          "Visibility": null,
          "id": null
        },
        "Suffix": "PhD"
      },
      "id": null,
      "CanonicalId": null,
      "Url": null,
      "Name": null,
      "Type": null,
      "SystemType": "Contributor",
      "Tags": [],
      "Visibility": null,
      "DateCreated": "",
      "DateModified": "",
      "VersionId": "1",
      "SerializationMode": "full"
    },
    {
      "Role": {
        "OntologyId": "HIRN",
        "id": "hirn-cv-ResourceRole-producer",
        "CanonicalId": "hirn-cv-ResourceRole-producer",
        "Url": "resources.hirnetwork.org/api/v1/CV/",
        "Name": "Producer",
        "Type": null,
        "SystemType": "CodedValue",
        "Tags": [],
        "Visibility": null,
        "DateCreated": "2017-11-14T00:23:22.4515624+00:00",
        "VersionId": "1",
        "SerializationMode": "full"
      },
      "Person": {
        "CanonicalId": "sally_kent@hirnetwork.org",
        "DateCreated": "2017-11-14T22:29:09.626198+00:00",
        "DateModified": null,
        "Name": null,
        "SystemType": "Person",
        "Tags": [],
        "Type": null,
        "Url": null,
        "VersionId": "1",
        "Visibility": null,
        "id": "c589cedd-a253-4fc0-9976-ae5079584bc2",
        "Contact": {
          "Address1": null,
          "Address2": null,
          "City": "Worcester",
          "Country": null,
          "EmailAddress": "Sally.Kent@umassmed.edu",
          "PhoneNumber": null,
          "PostalCode": null,
          "StateOrProvince": "MA"
        },
        "FirstName": "Sally",
        "HirnMembership": {
          "Consortia": [
            {
              "CanonicalId": "HIRN-Consortium-OPP",
              "DateCreated": "2017-11-14T22:29:09.626198+00:00",
              "DateModified": null,
              "Name": "OPP",
              "SystemType": "PersonConsortium",
              "Tags": [],
              "Type": null,
              "Url": null,
              "VersionId": "1",
              "Visibility": null,
              "id": null,
              "RoleName": "Investigator"
            }
          ],
          "Grants": [
            {
              "CanonicalId": "HIRN-grant-34",
              "DateCreated": "2017-11-14T22:29:09.626198+00:00",
              "DateModified": null,
              "Name": "CMAI: Kent",
              "SystemType": "PersonGrant",
              "Tags": [],
              "Type": null,
              "Url": null,
              "VersionId": "1",
              "Visibility": null,
              "id": "73",
              "GrantNumber": "UC4 DK116284",
              "RoleName": "Investigator"
            }
          ],
          "Lab": {
            "CanonicalId": null,
            "DateCreated": "2017-11-14T22:29:09.626198+00:00",
            "DateModified": null,
            "Name": null,
            "SystemType": "PersonLab",
            "Tags": [],
            "Type": null,
            "Url": null,
            "VersionId": "1",
            "Visibility": null,
            "id": null,
            "RoleName": null
          }
        },
        "LastName": "Kent",
        "Organization": {
          "CanonicalId": "HIRN-inst-47",
          "DateCreated": "2017-11-14T22:29:09.626198+00:00",
          "DateModified": null,
          "Name": "University of Massachusetts Medical School",
          "SystemType": "Organization",
          "Tags": [],
          "Type": null,
          "Url": null,
          "VersionId": "1",
          "Visibility": null,
          "id": null
        },
        "Suffix": "PhD"
      },
      "id": null,
      "CanonicalId": null,
      "Url": null,
      "Name": null,
      "Type": null,
      "SystemType": "Contributor",
      "Tags": [],
      "Visibility": null,
      "DateCreated": "",
      "DateModified": "",
      "VersionId": "1",
      "SerializationMode": "full"
    },
    {
      "Role": {
        "OntologyId": "HIRN",
        "id": "hirn-cv-ResourceRole-producer",
        "CanonicalId": "hirn-cv-ResourceRole-producer",
        "Url": "resources.hirnetwork.org/api/v1/CV/",
        "Name": "Producer",
        "Type": null,
        "SystemType": "CodedValue",
        "Tags": [],
        "Visibility": null,
        "DateCreated": "2017-11-14T00:23:22.4515624+00:00",
        "VersionId": "1",
        "SerializationMode": "full"
      },
      "Person": {
        "CanonicalId": "al_powers@hirnetwork.org",
        "DateCreated": "2017-11-14T22:29:09.627198+00:00",
        "DateModified": null,
        "Name": null,
        "SystemType": "Person",
        "Tags": [],
        "Type": null,
        "Url": null,
        "VersionId": "1",
        "Visibility": null,
        "id": "ab9cbf19-82e2-4e3a-a490-ab5c3d23a46d",
        "Contact": {
          "Address1": null,
          "Address2": null,
          "City": "Nashville",
          "Country": "USA",
          "EmailAddress": "al.powers@vanderbilt.edu",
          "PhoneNumber": null,
          "PostalCode": null,
          "StateOrProvince": "TN"
        },
        "FirstName": "Al",
        "HirnMembership": {
          "Consortia": [
            {
              "CanonicalId": "HIRN-Consortium-CTAR",
              "DateCreated": "2017-11-14T22:29:09.627198+00:00",
              "DateModified": null,
              "Name": "CTAR",
              "SystemType": "PersonConsortium",
              "Tags": [],
              "Type": null,
              "Url": null,
              "VersionId": "1",
              "Visibility": null,
              "id": null,
              "RoleName": "Investigator"
            }
          ],
          "Grants": [
            {
              "CanonicalId": "HIRN-grant-4",
              "DateCreated": "2017-11-14T22:29:09.627198+00:00",
              "DateModified": null,
              "Name": "CTAR: Powers",
              "SystemType": "PersonGrant",
              "Tags": [],
              "Type": null,
              "Url": null,
              "VersionId": "1",
              "Visibility": null,
              "id": "3",
              "GrantNumber": "UC4 DK104211  ",
              "RoleName": "Investigator"
            }
          ],
          "Lab": {
            "CanonicalId": null,
            "DateCreated": "2017-11-14T22:29:09.627198+00:00",
            "DateModified": null,
            "Name": null,
            "SystemType": "PersonLab",
            "Tags": [],
            "Type": null,
            "Url": null,
            "VersionId": "1",
            "Visibility": null,
            "id": null,
            "RoleName": null
          }
        },
        "LastName": "Powers",
        "Organization": {
          "CanonicalId": "HIRN-inst-54",
          "DateCreated": "2017-11-14T22:29:09.627198+00:00",
          "DateModified": null,
          "Name": "Vanderbilt  University",
          "SystemType": "Organization",
          "Tags": [],
          "Type": null,
          "Url": null,
          "VersionId": "1",
          "Visibility": null,
          "id": null
        },
        "Suffix": "MD"
      },
      "id": null,
      "CanonicalId": null,
      "Url": null,
      "Name": null,
      "Type": null,
      "SystemType": "Contributor",
      "Tags": [],
      "Visibility": null,
      "DateCreated": "",
      "DateModified": "",
      "VersionId": "1",
      "SerializationMode": "full"
    }
  ],
  "ContributorsOld": [],
  "ContributorsTemp": [],
  "PrimaryResourceType": {
    "TargetClassType": "Dataset",
    "ParentResourceTypeId": "",
    "id": "HIRN-Ds",
    "CanonicalId": "HIRN-Ds",
    "Url": null,
    "Name": "Datasets",
    "Type": null,
    "SystemType": "ResourceTypeExtended",
    "Tags": [],
    "Visibility": null,
    "DateCreated": "2017-11-14T00:23:20.1036363+00:00",
    "VersionId": "1",
    "SerializationMode": "full"
  },
  "SecondaryResourceType": {
    "TargetClassType": "Transcriptomics",
    "ParentResourceTypeId": "HIRN-Ds",
    "id": "HIRN-Ds-Trans",
    "CanonicalId": "HIRN-Ds-Trans",
    "Url": null,
    "Name": "Transcriptomics",
    "Type": null,
    "SystemType": "ResourceTypeExtended",
    "Tags": [],
    "Visibility": null,
    "DateCreated": "2017-11-14T00:23:20.1036363+00:00",
    "VersionId": "1",
    "SerializationMode": "full"
  },
  "ResourceApplications": [],
  "Vendor": {
    "Contact": {
      "EmailAddress": null,
      "Address1": null,
      "Address2": null,
      "City": null,
      "StateOrProvince": null,
      "PostalCode": null,
      "Country": null,
      "PhoneNumber": null
    },
    "id": null,
    "CanonicalId": null,
    "Url": null,
    "Name": null,
    "Type": null,
    "SystemType": "Vendor",
    "Tags": [],
    "Visibility": null,
    "DateCreated": "2019-04-24T22:53:30.7665018+00:00",
    "VersionId": "1",
    "SerializationMode": "full"
  },
  "VendorName": null,
  "VendorResourceUrl": null,
  "VendorLotNumber": null,
  "VendorCatNumber": null,
  "CurationStatus": {
    "OntologyId": "HIRN",
    "id": "hirn-cv-CurationStatus-unreleased",
    "CanonicalId": "hirn-cv-CurationStatus-unreleased",
    "Url": "resources.hirnetwork.org/api/v1/CV/",
    "Name": "Unreleased",
    "Type": null,
    "SystemType": "CodedValue",
    "Tags": [],
    "Visibility": null,
    "DateCreated": "2017-11-14T00:23:22.4515624+00:00",
    "VersionId": "1",
    "SerializationMode": "full"
  },
  "Attachments": [],
  "DefiningManuscriptId": "29669939",
  "BatchNumber": "4",
  "id": "be93059d-ec0a-4cae-9df8-bc78a5818146",
  "CanonicalId": "GSE110935",
  "Url": "https://www.ncbi.nlm.nih.gov/geo/query/acc.cgi?acc=GSE110935",
  "Name": "RNA-seq of isolated islet samples from healthy and cystic fibrosis donors, and mouse",
  "Type": "Resource",
  "SystemType": "Transcriptomics",
  "Tags": [],
  "Visibility": null,
  "DateCreated": "2019-04-24T22:53:31+00:00",
  "VersionId": "1",
  "SerializationMode": "full"
}
