{
  "TechnologyType": {
    "OntologyId": "OBI",
    "id": null,
    "CanonicalId": "http://purl.obolibrary.org/obo/OBI_0001271",
    "Url": "http://purl.obolibrary.org/obo/OBI_0001271",
    "Name": "RNA-seq assay",
    "Type": null,
    "SystemType": "CodedValue",
    "Tags": [],
    "Visibility": null,
    "DateCreated": "",
    "DateModified": "",
    "VersionId": "1",
    "SerializationMode": "full"
  },
  "BiosampleCharacteristics": [
    {
      "OntologyId": "DOID",
      "id": null,
      "CanonicalId": "http://purl.obolibrary.org/obo/DOID_1485",
      "Url": "http://purl.obolibrary.org/obo/DOID_1485",
      "Name": "cystic fibrosis",
      "Type": null,
      "SystemType": "CodedValue",
      "Tags": [],
      "Visibility": null,
      "DateCreated": "",
      "DateModified": "",
      "VersionId": "1",
      "SerializationMode": "full"
    }
  ],
  "BiosampleType": [
    {
      "OntologyId": "CL",
      "id": null,
      "CanonicalId": "http://purl.obolibrary.org/obo/UBERON_0000006",
      "Url": "http://purl.obolibrary.org/obo/UBERON_0000006",
      "Name": "islet of Langerhans",
      "Type": null,
      "SystemType": "CodedValue",
      "Tags": [],
      "Visibility": null,
      "DateCreated": "",
      "DateModified": "",
      "VersionId": "1",
      "SerializationMode": "full"
    },
    {
      "OntologyId": "NCBITAXON",
      "id": null,
      "CanonicalId": "http://purl.bioontology.org/ontology/NCBITAXON/9606",
      "Url": "http://purl.bioontology.org/ontology/NCBITAXON/9606",
      "Name": "human",
      "Type": null,
      "SystemType": "CodedValue",
      "Tags": [],
      "Visibility": null,
      "DateCreated": "",
      "DateModified": "",
      "VersionId": "1",
      "SerializationMode": "full"
    },
    {
      "OntologyId": "NCBITAXON",
      "id": null,
      "CanonicalId": "http://purl.bioontology.org/ontology/NCBITAXON/10090",
      "Url": "http://purl.bioontology.org/ontology/NCBITAXON/10090",
      "Name": "mouse",
      "Type": null,
      "SystemType": "CodedValue",
      "Tags": [],
      "Visibility": null,
      "DateCreated": "",
      "DateModified": "",
      "VersionId": "1",
      "SerializationMode": "full"
    }
  ],
  "DatasetValue": {
    "OntologyId": null,
    "id": null,
    "CanonicalId": null,
    "Url": null,
    "Name": "3",
    "Type": null,
    "SystemType": "CodedValue",
    "Tags": [],
    "Visibility": null,
    "DateCreated": "2019-04-25T23:57:43.7911557+00:00",
    "VersionId": "1",
    "SerializationMode": "full"
  },
  "AlternateNames": [],
  "Publications": [],
  "SecondaryIdentifiers": [],
  "Description": "Includes samples from five healthy human donors and five cystric fibrosis human donors. Also includes 12 samples from mouse. The data was used to investigate Cystic fibrosis (CF)-related diabetes (CFRD).",
  "Contributors": [
    {
      "Role": {
        "OntologyId": "HIRN",
        "id": "hirn-cv-ResourceRole-producer",
        "CanonicalId": "hirn-cv-ResourceRole-producer",
        "Url": "resources.hirnetwork.org/api/v1/CV/",
        "Name": "Producer",
        "Type": null,
        "SystemType": "CodedValue",
        "Tags": [],
        "Visibility": null,
        "DateCreated": "2017-11-14T00:23:22.4515624+00:00",
        "VersionId": "1",
        "SerializationMode": "full"
      },
      "Participant": {
        "FirstName": "Radhika",
        "LastName": "Aramandla",
        "MiddleName": null,
        "Suffix": "",
        "Contact": {
          "EmailAddress": "aramandla.radhika@vumc.org",
          "Address1": null,
          "Address2": null,
          "City": "Nashville",
          "StateOrProvince": "TN",
          "PostalCode": null,
          "Country": null,
          "PhoneNumber": null
        },
        "Groups": [
          {
            "Group": {
              "id": null,
              "CanonicalId": "HIRN-Consortium-CTAR",
              "Url": null,
              "Name": "CTAR",
              "Type": null,
              "SystemType": "Group",
              "Tags": [],
              "Visibility": null,
              "DateCreated": "2019-03-26T17:34:41.8387195+00:00",
              "VersionId": "1",
              "SerializationMode": "full"
            },
            "RoleName": "Research Staff"
          },
          {
            "Group": {
              "id": null,
              "CanonicalId": "HIRN-Consortium-HPAC",
              "Url": null,
              "Name": "HPAC",
              "Type": null,
              "SystemType": "Group",
              "Tags": [],
              "Visibility": null,
              "DateCreated": "2019-03-26T17:34:41.8387195+00:00",
              "VersionId": "1",
              "SerializationMode": "full"
            },
            "RoleName": "Research Staff"
          }
        ],
        "Grants": [
          {
            "Grant": {
              "GrantNumber": "UC4 DK104211  ",
              "id": "236",
              "CanonicalId": "HIRN-grant-4",
              "Url": null,
              "Name": "CTAR: Powers",
              "Type": null,
              "SystemType": "Grant",
              "Tags": [],
              "Visibility": null,
              "DateCreated": "2019-03-26T17:34:41.8387195+00:00",
              "VersionId": "1",
              "SerializationMode": "full"
            },
            "RoleName": "Research Staff"
          },
          {
            "Grant": {
              "GrantNumber": "UC4 DK112232",
              "id": "237",
              "CanonicalId": "HIRN-grant-27",
              "Url": null,
              "Name": "HPAC: Powers",
              "Type": null,
              "SystemType": "Grant",
              "Tags": [],
              "Visibility": null,
              "DateCreated": "2019-03-26T17:34:41.8387195+00:00",
              "VersionId": "1",
              "SerializationMode": "full"
            },
            "RoleName": "Research Staff"
          },
          {
            "Grant": {
              "GrantNumber": "U01 DK120429",
              "id": "238",
              "CanonicalId": "HIRN-grant-66",
              "Url": null,
              "Name": "HPAC: Sander",
              "Type": null,
              "SystemType": "Grant",
              "Tags": [],
              "Visibility": null,
              "DateCreated": "2019-03-26T17:34:41.8387195+00:00",
              "VersionId": "1",
              "SerializationMode": "full"
            },
            "RoleName": "Research Staff"
          }
        ],
        "LabMembership": {
          "Lab": {
            "id": null,
            "CanonicalId": "HIRN-Lab-1",
            "Url": null,
            "Name": "Al Powers",
            "Type": null,
            "SystemType": "Lab",
            "Tags": [],
            "Visibility": null,
            "DateCreated": "2019-03-26T17:34:41.8387195+00:00",
            "VersionId": "1",
            "SerializationMode": "full"
          },
          "RoleName": "Research Staff"
        },
        "Organization": {
          "id": null,
          "CanonicalId": "HIRN-inst-54",
          "Url": null,
          "Name": "Vanderbilt  University",
          "Type": null,
          "SystemType": "Organization",
          "Tags": [],
          "Visibility": null,
          "DateCreated": "2019-03-26T17:34:41.8387195+00:00",
          "VersionId": "1",
          "SerializationMode": "full"
        },
        "id": "d1db4d7f-5b98-4465-adf4-373f7a05bbd0",
        "CanonicalId": "radhika_aramandla@hirnetwork.org",
        "Url": null,
        "Name": null,
        "Type": null,
        "SystemType": "Person",
        "Tags": [],
        "Visibility": null,
        "DateCreated": "2019-03-26T17:34:41.8387195+00:00",
        "VersionId": "1",
        "SerializationMode": "full"
      },
      "id": null,
      "CanonicalId": null,
      "Url": null,
      "Name": null,
      "Type": null,
      "SystemType": "Contributor",
      "Tags": [],
      "Visibility": null,
      "DateCreated": "",
      "DateModified": "",
      "VersionId": "1",
      "SerializationMode": "full"
    },
    {
      "Role": {
        "OntologyId": "HIRN",
        "id": "hirn-cv-ResourceRole-producer",
        "CanonicalId": "hirn-cv-ResourceRole-producer",
        "Url": "resources.hirnetwork.org/api/v1/CV/",
        "Name": "Producer",
        "Type": null,
        "SystemType": "CodedValue",
        "Tags": [],
        "Visibility": null,
        "DateCreated": "2017-11-14T00:23:22.4515624+00:00",
        "VersionId": "1",
        "SerializationMode": "full"
      },
      "Participant": {
        "FirstName": "Greg",
        "LastName": "Poffenberger",
        "MiddleName": null,
        "Suffix": "",
        "Contact": {
          "EmailAddress": "greg.poffenberger@Vanderbilt.Edu",
          "Address1": null,
          "Address2": null,
          "City": "Nashville",
          "StateOrProvince": "TN",
          "PostalCode": null,
          "Country": "",
          "PhoneNumber": ""
        },
        "Groups": [],
        "Grants": [],
        "LabMembership": {
          "Lab": {
            "id": null,
            "CanonicalId": "HIRN-Lab-1",
            "Url": null,
            "Name": "Al Powers",
            "Type": null,
            "SystemType": "Lab",
            "Tags": [],
            "Visibility": null,
            "DateCreated": "2019-03-26T17:34:41.949972+00:00",
            "VersionId": "1",
            "SerializationMode": "full"
          },
          "RoleName": "Research Staff"
        },
        "Organization": {
          "id": null,
          "CanonicalId": "HIRN-inst-54",
          "Url": null,
          "Name": "Vanderbilt  University",
          "Type": null,
          "SystemType": "Organization",
          "Tags": [],
          "Visibility": null,
          "DateCreated": "2019-03-26T17:34:41.949972+00:00",
          "VersionId": "1",
          "SerializationMode": "full"
        },
        "id": "a9bee9d5-dae7-44c8-b855-9775c1e6c152",
        "CanonicalId": "greg_poffenberger@hirnetwork.org",
        "Url": null,
        "Name": null,
        "Type": null,
        "SystemType": "Person",
        "Tags": [],
        "Visibility": null,
        "DateCreated": "2019-03-26T17:34:41.949972+00:00",
        "VersionId": "1",
        "SerializationMode": "full"
      },
      "id": null,
      "CanonicalId": null,
      "Url": null,
      "Name": null,
      "Type": null,
      "SystemType": "Contributor",
      "Tags": [],
      "Visibility": null,
      "DateCreated": "",
      "DateModified": "",
      "VersionId": "1",
      "SerializationMode": "full"
    },
    {
      "Role": {
        "OntologyId": "HIRN",
        "id": "hirn-cv-ResourceRole-producer",
        "CanonicalId": "hirn-cv-ResourceRole-producer",
        "Url": "resources.hirnetwork.org/api/v1/CV/",
        "Name": "Producer",
        "Type": null,
        "SystemType": "CodedValue",
        "Tags": [],
        "Visibility": null,
        "DateCreated": "2017-11-14T00:23:22.4515624+00:00",
        "VersionId": "1",
        "SerializationMode": "full"
      },
      "Participant": {
        "FirstName": "Marcela",
        "LastName": "Brissova",
        "MiddleName": null,
        "Suffix": "PhD",
        "Contact": {
          "EmailAddress": "marcela.brissova@vanderbilt.edu",
          "Address1": null,
          "Address2": null,
          "City": "Nashville",
          "StateOrProvince": "TN",
          "PostalCode": null,
          "Country": "USA",
          "PhoneNumber": ""
        },
        "Groups": [
          {
            "Group": {
              "id": null,
              "CanonicalId": "HIRN-Consortium-CTAR",
              "Url": null,
              "Name": "CTAR",
              "Type": null,
              "SystemType": "Group",
              "Tags": [],
              "Visibility": null,
              "DateCreated": "2019-03-26T17:34:41.854344+00:00",
              "VersionId": "1",
              "SerializationMode": "full"
            },
            "RoleName": "Co-Investigator"
          },
          {
            "Group": {
              "id": null,
              "CanonicalId": "HIRN-Consortium-CBDS",
              "Url": null,
              "Name": "CBDS",
              "Type": null,
              "SystemType": "Group",
              "Tags": [],
              "Visibility": null,
              "DateCreated": "2019-03-26T17:34:41.854344+00:00",
              "VersionId": "1",
              "SerializationMode": "full"
            },
            "RoleName": "Co-Investigator"
          },
          {
            "Group": {
              "id": null,
              "CanonicalId": "HIRN-Consortium-HPAC",
              "Url": null,
              "Name": "HPAC",
              "Type": null,
              "SystemType": "Group",
              "Tags": [],
              "Visibility": null,
              "DateCreated": "2019-03-26T17:34:41.854344+00:00",
              "VersionId": "1",
              "SerializationMode": "full"
            },
            "RoleName": "Co-Investigator"
          }
        ],
        "Grants": [
          {
            "Grant": {
              "GrantNumber": "UC4 DK104211  ",
              "id": "104",
              "CanonicalId": "HIRN-grant-4",
              "Url": null,
              "Name": "CTAR: Powers",
              "Type": null,
              "SystemType": "Grant",
              "Tags": [],
              "Visibility": null,
              "DateCreated": "2019-03-26T17:34:41.854344+00:00",
              "VersionId": "1",
              "SerializationMode": "full"
            },
            "RoleName": "Co-Investigator"
          },
          {
            "Grant": {
              "GrantNumber": "UC4 DK108120",
              "id": "105",
              "CanonicalId": "HIRN-grant-25",
              "Url": null,
              "Name": "CBDS: Wright",
              "Type": null,
              "SystemType": "Grant",
              "Tags": [],
              "Visibility": null,
              "DateCreated": "2019-03-26T17:34:41.854344+00:00",
              "VersionId": "1",
              "SerializationMode": "full"
            },
            "RoleName": "Co-Investigator"
          },
          {
            "Grant": {
              "GrantNumber": "UC4 DK112232",
              "id": "106",
              "CanonicalId": "HIRN-grant-27",
              "Url": null,
              "Name": "HPAC: Powers",
              "Type": null,
              "SystemType": "Grant",
              "Tags": [],
              "Visibility": null,
              "DateCreated": "2019-03-26T17:34:41.854344+00:00",
              "VersionId": "1",
              "SerializationMode": "full"
            },
            "RoleName": "Co-Investigator"
          },
          {
            "Grant": {
              "GrantNumber": "U01 DK120456",
              "id": "206",
              "CanonicalId": "HIRN-grant-65",
              "Url": null,
              "Name": "HPAC: Caicedo",
              "Type": null,
              "SystemType": "Grant",
              "Tags": [],
              "Visibility": null,
              "DateCreated": "2019-03-26T17:34:41.854344+00:00",
              "VersionId": "1",
              "SerializationMode": "full"
            },
            "RoleName": "Co-Investigator"
          }
        ],
        "LabMembership": {
          "Lab": {
            "id": null,
            "CanonicalId": null,
            "Url": null,
            "Name": null,
            "Type": null,
            "SystemType": "Lab",
            "Tags": [],
            "Visibility": null,
            "DateCreated": "2019-03-26T17:34:41.854344+00:00",
            "VersionId": "1",
            "SerializationMode": "full"
          },
          "RoleName": null
        },
        "Organization": {
          "id": null,
          "CanonicalId": "HIRN-inst-54",
          "Url": null,
          "Name": "Vanderbilt  University",
          "Type": null,
          "SystemType": "Organization",
          "Tags": [],
          "Visibility": null,
          "DateCreated": "2019-03-26T17:34:41.854344+00:00",
          "VersionId": "1",
          "SerializationMode": "full"
        },
        "id": "c9771215-8a6e-4761-826c-c4c518141529",
        "CanonicalId": "marcela_brissova@hirnetwork.org",
        "Url": null,
        "Name": null,
        "Type": null,
        "SystemType": "Person",
        "Tags": [],
        "Visibility": null,
        "DateCreated": "2019-03-26T17:34:41.854344+00:00",
        "VersionId": "1",
        "SerializationMode": "full"
      },
      "id": null,
      "CanonicalId": null,
      "Url": null,
      "Name": null,
      "Type": null,
      "SystemType": "Contributor",
      "Tags": [],
      "Visibility": null,
      "DateCreated": "",
      "DateModified": "",
      "VersionId": "1",
      "SerializationMode": "full"
    },
    {
      "Role": {
        "OntologyId": "HIRN",
        "id": "hirn-cv-ResourceRole-producer",
        "CanonicalId": "hirn-cv-ResourceRole-producer",
        "Url": "resources.hirnetwork.org/api/v1/CV/",
        "Name": "Producer",
        "Type": null,
        "SystemType": "CodedValue",
        "Tags": [],
        "Visibility": null,
        "DateCreated": "2017-11-14T00:23:22.4515624+00:00",
        "VersionId": "1",
        "SerializationMode": "full"
      },
      "Participant": {
        "FirstName": "Chunhua",
        "LastName": "Dai",
        "MiddleName": null,
        "Suffix": "MD",
        "Contact": {
          "EmailAddress": "chunhua.dai@vanderbilt.edu",
          "Address1": null,
          "Address2": null,
          "City": "Nasheville",
          "StateOrProvince": "TN",
          "PostalCode": null,
          "Country": "USA",
          "PhoneNumber": ""
        },
        "Groups": [
          {
            "Group": {
              "id": null,
              "CanonicalId": "HIRN-Consortium-CTAR",
              "Url": null,
              "Name": "CTAR",
              "Type": null,
              "SystemType": "Group",
              "Tags": [],
              "Visibility": null,
              "DateCreated": "2019-03-26T17:34:41.8748815+00:00",
              "VersionId": "1",
              "SerializationMode": "full"
            },
            "RoleName": "Co-Investigator"
          }
        ],
        "Grants": [
          {
            "Grant": {
              "GrantNumber": "UC4 DK104211  ",
              "id": "181",
              "CanonicalId": "HIRN-grant-4",
              "Url": null,
              "Name": "CTAR: Powers",
              "Type": null,
              "SystemType": "Grant",
              "Tags": [],
              "Visibility": null,
              "DateCreated": "2019-03-26T17:34:41.8748815+00:00",
              "VersionId": "1",
              "SerializationMode": "full"
            },
            "RoleName": "Co-Investigator"
          }
        ],
        "LabMembership": {
          "Lab": {
            "id": null,
            "CanonicalId": null,
            "Url": null,
            "Name": null,
            "Type": null,
            "SystemType": "Lab",
            "Tags": [],
            "Visibility": null,
            "DateCreated": "2019-03-26T17:34:41.8748815+00:00",
            "VersionId": "1",
            "SerializationMode": "full"
          },
          "RoleName": null
        },
        "Organization": {
          "id": null,
          "CanonicalId": "HIRN-inst-54",
          "Url": null,
          "Name": "Vanderbilt  University",
          "Type": null,
          "SystemType": "Organization",
          "Tags": [],
          "Visibility": null,
          "DateCreated": "2019-03-26T17:34:41.8748815+00:00",
          "VersionId": "1",
          "SerializationMode": "full"
        },
        "id": "69fedb74-36fa-4d9b-a453-625e0f3a0a4f",
        "CanonicalId": "chunhua_dai@hirnetwork.org",
        "Url": null,
        "Name": null,
        "Type": null,
        "SystemType": "Person",
        "Tags": [],
        "Visibility": null,
        "DateCreated": "2019-03-26T17:34:41.8748815+00:00",
        "VersionId": "1",
        "SerializationMode": "full"
      },
      "id": null,
      "CanonicalId": null,
      "Url": null,
      "Name": null,
      "Type": null,
      "SystemType": "Contributor",
      "Tags": [],
      "Visibility": null,
      "DateCreated": "",
      "DateModified": "",
      "VersionId": "1",
      "SerializationMode": "full"
    },
    {
      "Role": {
        "OntologyId": "HIRN",
        "id": "hirn-cv-ResourceRole-producer",
        "CanonicalId": "hirn-cv-ResourceRole-producer",
        "Url": "resources.hirnetwork.org/api/v1/CV/",
        "Name": "Producer",
        "Type": null,
        "SystemType": "CodedValue",
        "Tags": [],
        "Visibility": null,
        "DateCreated": "2017-11-14T00:23:22.4515624+00:00",
        "VersionId": "1",
        "SerializationMode": "full"
      },
      "Participant": {
        "FirstName": "Rita",
        "LastName": "Bottino",
        "MiddleName": null,
        "Suffix": "PhD",
        "Contact": {
          "EmailAddress": "RBottino@wpahs.org",
          "Address1": null,
          "Address2": null,
          "City": "Pittsburgh",
          "StateOrProvince": "PA",
          "PostalCode": null,
          "Country": "USA",
          "PhoneNumber": ""
        },
        "Groups": [
          {
            "Group": {
              "id": null,
              "CanonicalId": "HIRN-Consortium-CTAR",
              "Url": null,
              "Name": "CTAR",
              "Type": null,
              "SystemType": "Group",
              "Tags": [],
              "Visibility": null,
              "DateCreated": "2019-03-26T17:34:41.854344+00:00",
              "VersionId": "1",
              "SerializationMode": "full"
            },
            "RoleName": "Co-Investigator"
          }
        ],
        "Grants": [
          {
            "Grant": {
              "GrantNumber": "UC4 DK104218 ",
              "id": "172",
              "CanonicalId": "HIRN-grant-12",
              "Url": null,
              "Name": "CMAI: Greiner",
              "Type": null,
              "SystemType": "Grant",
              "Tags": [],
              "Visibility": null,
              "DateCreated": "2019-03-26T17:34:41.854344+00:00",
              "VersionId": "1",
              "SerializationMode": "full"
            },
            "RoleName": "Co-Investigator"
          }
        ],
        "LabMembership": {
          "Lab": {
            "id": null,
            "CanonicalId": null,
            "Url": null,
            "Name": null,
            "Type": null,
            "SystemType": "Lab",
            "Tags": [],
            "Visibility": null,
            "DateCreated": "2019-03-26T17:34:41.854344+00:00",
            "VersionId": "1",
            "SerializationMode": "full"
          },
          "RoleName": null
        },
        "Organization": {
          "id": null,
          "CanonicalId": "HIRN-inst-2",
          "Url": null,
          "Name": "Allegheny Health Network",
          "Type": null,
          "SystemType": "Organization",
          "Tags": [],
          "Visibility": null,
          "DateCreated": "2019-03-26T17:34:41.854344+00:00",
          "VersionId": "1",
          "SerializationMode": "full"
        },
        "id": "5080aaee-c2f8-4ae0-b36b-0a5ce868aa82",
        "CanonicalId": "rita_bottino@hirnetwork.org",
        "Url": null,
        "Name": null,
        "Type": null,
        "SystemType": "Person",
        "Tags": [],
        "Visibility": null,
        "DateCreated": "2019-03-26T17:34:41.854344+00:00",
        "VersionId": "1",
        "SerializationMode": "full"
      },
      "id": null,
      "CanonicalId": null,
      "Url": null,
      "Name": null,
      "Type": null,
      "SystemType": "Contributor",
      "Tags": [],
      "Visibility": null,
      "DateCreated": "",
      "DateModified": "",
      "VersionId": "1",
      "SerializationMode": "full"
    },
    {
      "Role": {
        "OntologyId": "HIRN",
        "id": "hirn-cv-ResourceRole-producer",
        "CanonicalId": "hirn-cv-ResourceRole-producer",
        "Url": "resources.hirnetwork.org/api/v1/CV/",
        "Name": "Producer",
        "Type": null,
        "SystemType": "CodedValue",
        "Tags": [],
        "Visibility": null,
        "DateCreated": "2017-11-14T00:23:22.4515624+00:00",
        "VersionId": "1",
        "SerializationMode": "full"
      },
      "Participant": {
        "FirstName": "Sally",
        "LastName": "Kent",
        "MiddleName": null,
        "Suffix": "PhD",
        "Contact": {
          "EmailAddress": "Sally.Kent@umassmed.edu",
          "Address1": null,
          "Address2": null,
          "City": "Worcester",
          "StateOrProvince": "MA",
          "PostalCode": null,
          "Country": "",
          "PhoneNumber": ""
        },
        "Groups": [
          {
            "Group": {
              "id": null,
              "CanonicalId": "HIRN-Consortium-OPP",
              "Url": null,
              "Name": "OPP",
              "Type": null,
              "SystemType": "Group",
              "Tags": [],
              "Visibility": null,
              "DateCreated": "2019-03-26T17:34:41.9218433+00:00",
              "VersionId": "1",
              "SerializationMode": "full"
            },
            "RoleName": "Investigator"
          }
        ],
        "Grants": [
          {
            "Grant": {
              "GrantNumber": "UC4 DK116284",
              "id": "73",
              "CanonicalId": "HIRN-grant-34",
              "Url": null,
              "Name": "CMAI: Kent",
              "Type": null,
              "SystemType": "Grant",
              "Tags": [],
              "Visibility": null,
              "DateCreated": "2019-03-26T17:34:41.9218433+00:00",
              "VersionId": "1",
              "SerializationMode": "full"
            },
            "RoleName": "Investigator"
          }
        ],
        "LabMembership": {
          "Lab": {
            "id": null,
            "CanonicalId": null,
            "Url": null,
            "Name": null,
            "Type": null,
            "SystemType": "Lab",
            "Tags": [],
            "Visibility": null,
            "DateCreated": "2019-03-26T17:34:41.9218433+00:00",
            "VersionId": "1",
            "SerializationMode": "full"
          },
          "RoleName": null
        },
        "Organization": {
          "id": null,
          "CanonicalId": "HIRN-inst-47",
          "Url": null,
          "Name": "University of Massachusetts Medical School",
          "Type": null,
          "SystemType": "Organization",
          "Tags": [],
          "Visibility": null,
          "DateCreated": "2019-03-26T17:34:41.9218433+00:00",
          "VersionId": "1",
          "SerializationMode": "full"
        },
        "id": "2f8cbccd-893c-464f-964f-c0e4b874ba10",
        "CanonicalId": "sally_kent@hirnetwork.org",
        "Url": null,
        "Name": null,
        "Type": null,
        "SystemType": "Person",
        "Tags": [],
        "Visibility": null,
        "DateCreated": "2019-03-26T17:34:41.9218433+00:00",
        "VersionId": "1",
        "SerializationMode": "full"
      },
      "id": null,
      "CanonicalId": null,
      "Url": null,
      "Name": null,
      "Type": null,
      "SystemType": "Contributor",
      "Tags": [],
      "Visibility": null,
      "DateCreated": "",
      "DateModified": "",
      "VersionId": "1",
      "SerializationMode": "full"
    },
    {
      "Role": {
        "OntologyId": "HIRN",
        "id": "hirn-cv-ResourceRole-producer",
        "CanonicalId": "hirn-cv-ResourceRole-producer",
        "Url": "resources.hirnetwork.org/api/v1/CV/",
        "Name": "Producer",
        "Type": null,
        "SystemType": "CodedValue",
        "Tags": [],
        "Visibility": null,
        "DateCreated": "2017-11-14T00:23:22.4515624+00:00",
        "VersionId": "1",
        "SerializationMode": "full"
      },
      "Participant": {
        "FirstName": "Patrick",
        "LastName": "MacDonald",
        "MiddleName": null,
        "Suffix": "PhD",
        "Contact": {
          "EmailAddress": "pem@ualberta.ca",
          "Address1": null,
          "Address2": null,
          "City": "Alberta",
          "StateOrProvince": null,
          "PostalCode": null,
          "Country": "Canada",
          "PhoneNumber": null
        },
        "Groups": [
          {
            "Group": {
              "id": null,
              "CanonicalId": "HIRN-Consortium-HPAC",
              "Url": null,
              "Name": "HPAC",
              "Type": null,
              "SystemType": "Group",
              "Tags": [],
              "Visibility": null,
              "DateCreated": "2019-03-26T17:34:41.9324477+00:00",
              "VersionId": "1",
              "SerializationMode": "full"
            },
            "RoleName": "Investigator"
          }
        ],
        "Grants": [
          {
            "Grant": {
              "GrantNumber": "U01 DK120447",
              "id": "209",
              "CanonicalId": "HIRN-grant-68",
              "Url": null,
              "Name": "HPAC: MacDonald",
              "Type": null,
              "SystemType": "Grant",
              "Tags": [],
              "Visibility": null,
              "DateCreated": "2019-03-26T17:34:41.9324477+00:00",
              "VersionId": "1",
              "SerializationMode": "full"
            },
            "RoleName": "Investigator"
          }
        ],
        "LabMembership": {
          "Lab": {
            "id": null,
            "CanonicalId": null,
            "Url": null,
            "Name": null,
            "Type": null,
            "SystemType": "Lab",
            "Tags": [],
            "Visibility": null,
            "DateCreated": "2019-03-26T17:34:41.9324477+00:00",
            "VersionId": "1",
            "SerializationMode": "full"
          },
          "RoleName": null
        },
        "Organization": {
          "id": null,
          "CanonicalId": "HIRN-inst-67",
          "Url": null,
          "Name": "University of Alberta",
          "Type": null,
          "SystemType": "Organization",
          "Tags": [],
          "Visibility": null,
          "DateCreated": "2019-03-26T17:34:41.9324477+00:00",
          "VersionId": "1",
          "SerializationMode": "full"
        },
        "id": "083b15db-450e-4c9a-86e9-dade6b143c48",
        "CanonicalId": "patrick_macdonald@hirnetwork.org",
        "Url": null,
        "Name": null,
        "Type": null,
        "SystemType": "Person",
        "Tags": [],
        "Visibility": null,
        "DateCreated": "2019-03-26T17:34:41.9324477+00:00",
        "VersionId": "1",
        "SerializationMode": "full"
      },
      "id": null,
      "CanonicalId": null,
      "Url": null,
      "Name": null,
      "Type": null,
      "SystemType": "Contributor",
      "Tags": [],
      "Visibility": null,
      "DateCreated": "",
      "DateModified": "",
      "VersionId": "1",
      "SerializationMode": "full"
    },
    {
      "Role": {
        "OntologyId": "HIRN",
        "id": "hirn-cv-ResourceRole-producer",
        "CanonicalId": "hirn-cv-ResourceRole-producer",
        "Url": "resources.hirnetwork.org/api/v1/CV/",
        "Name": "Producer",
        "Type": null,
        "SystemType": "CodedValue",
        "Tags": [],
        "Visibility": null,
        "DateCreated": "2017-11-14T00:23:22.4515624+00:00",
        "VersionId": "1",
        "SerializationMode": "full"
      },
      "Participant": {
        "FirstName": "Al",
        "LastName": "Powers",
        "MiddleName": "C",
        "Suffix": "MD",
        "Contact": {
          "EmailAddress": "al.powers@vanderbilt.edu",
          "Address1": null,
          "Address2": null,
          "City": "Nashville",
          "StateOrProvince": "TN",
          "PostalCode": null,
          "Country": "USA",
          "PhoneNumber": ""
        },
        "Groups": [
          {
            "Group": {
              "id": null,
              "CanonicalId": "HIRN-Consortium-CTAR",
              "Url": null,
              "Name": "CTAR",
              "Type": null,
              "SystemType": "Group",
              "Tags": [],
              "Visibility": null,
              "DateCreated": "2019-03-26T17:34:41.949972+00:00",
              "VersionId": "1",
              "SerializationMode": "full"
            },
            "RoleName": "Investigator"
          },
          {
            "Group": {
              "id": null,
              "CanonicalId": "HIRN-Consortium-CBDS",
              "Url": null,
              "Name": "CBDS",
              "Type": null,
              "SystemType": "Group",
              "Tags": [],
              "Visibility": null,
              "DateCreated": "2019-03-26T17:34:41.949972+00:00",
              "VersionId": "1",
              "SerializationMode": "full"
            },
            "RoleName": "Investigator"
          },
          {
            "Group": {
              "id": null,
              "CanonicalId": "HIRN-Consortium-HPAC",
              "Url": null,
              "Name": "HPAC",
              "Type": null,
              "SystemType": "Group",
              "Tags": [],
              "Visibility": null,
              "DateCreated": "2019-03-26T17:34:41.949972+00:00",
              "VersionId": "1",
              "SerializationMode": "full"
            },
            "RoleName": "Investigator"
          },
          {
            "Group": {
              "id": null,
              "CanonicalId": "HIRN-Consortium-OPP",
              "Url": null,
              "Name": "OPP",
              "Type": null,
              "SystemType": "Group",
              "Tags": [],
              "Visibility": null,
              "DateCreated": "2019-03-26T17:34:41.949972+00:00",
              "VersionId": "1",
              "SerializationMode": "full"
            },
            "RoleName": "Investigator"
          }
        ],
        "Grants": [
          {
            "Grant": {
              "GrantNumber": "UC4 DK104211  ",
              "id": "3",
              "CanonicalId": "HIRN-grant-4",
              "Url": null,
              "Name": "CTAR: Powers",
              "Type": null,
              "SystemType": "Grant",
              "Tags": [],
              "Visibility": null,
              "DateCreated": "2019-03-26T17:34:41.949972+00:00",
              "VersionId": "1",
              "SerializationMode": "full"
            },
            "RoleName": "Investigator"
          },
          {
            "Grant": {
              "GrantNumber": "UC4 DK112232",
              "id": "25",
              "CanonicalId": "HIRN-grant-27",
              "Url": null,
              "Name": "HPAC: Powers",
              "Type": null,
              "SystemType": "Grant",
              "Tags": [],
              "Visibility": null,
              "DateCreated": "2019-03-26T17:34:41.949972+00:00",
              "VersionId": "1",
              "SerializationMode": "full"
            },
            "RoleName": "Investigator"
          },
          {
            "Grant": {
              "GrantNumber": "UC4 DK108120",
              "id": "58",
              "CanonicalId": "HIRN-grant-25",
              "Url": null,
              "Name": "CBDS: Wright",
              "Type": null,
              "SystemType": "Grant",
              "Tags": [],
              "Visibility": null,
              "DateCreated": "2019-03-26T17:34:41.949972+00:00",
              "VersionId": "1",
              "SerializationMode": "full"
            },
            "RoleName": "Investigator"
          },
          {
            "Grant": {
              "GrantNumber": "U01 DK120429",
              "id": "205",
              "CanonicalId": "HIRN-grant-66",
              "Url": null,
              "Name": "HPAC: Sander",
              "Type": null,
              "SystemType": "Grant",
              "Tags": [],
              "Visibility": null,
              "DateCreated": "2019-03-26T17:34:41.949972+00:00",
              "VersionId": "1",
              "SerializationMode": "full"
            },
            "RoleName": "Co-Investigator"
          }
        ],
        "LabMembership": {
          "Lab": {
            "id": null,
            "CanonicalId": null,
            "Url": null,
            "Name": null,
            "Type": null,
            "SystemType": "Lab",
            "Tags": [],
            "Visibility": null,
            "DateCreated": "2019-03-26T17:34:41.949972+00:00",
            "VersionId": "1",
            "SerializationMode": "full"
          },
          "RoleName": null
        },
        "Organization": {
          "id": null,
          "CanonicalId": "HIRN-inst-54",
          "Url": null,
          "Name": "Vanderbilt  University",
          "Type": null,
          "SystemType": "Organization",
          "Tags": [],
          "Visibility": null,
          "DateCreated": "2019-03-26T17:34:41.949972+00:00",
          "VersionId": "1",
          "SerializationMode": "full"
        },
        "id": "6d2f7249-08fe-416e-be00-fe953723017f",
        "CanonicalId": "al_powers@hirnetwork.org",
        "Url": null,
        "Name": null,
        "Type": null,
        "SystemType": "Person",
        "Tags": [],
        "Visibility": null,
        "DateCreated": "2019-03-26T17:34:41.949972+00:00",
        "VersionId": "1",
        "SerializationMode": "full"
      },
      "id": null,
      "CanonicalId": null,
      "Url": null,
      "Name": null,
      "Type": null,
      "SystemType": "Contributor",
      "Tags": [],
      "Visibility": null,
      "DateCreated": "",
      "DateModified": "",
      "VersionId": "1",
      "SerializationMode": "full"
    }
  ],
  "ContributorsOld": [],
  "ContributorsTemp": [],
  "PrimaryResourceType": {
    "TargetClassType": "Dataset",
    "ParentResourceTypeId": "",
    "id": "HIRN-Ds",
    "CanonicalId": "HIRN-Ds",
    "Url": null,
    "Name": "Datasets",
    "Type": null,
    "SystemType": "ResourceTypeExtended",
    "Tags": [],
    "Visibility": null,
    "DateCreated": "2017-11-14T00:23:20.1036363+00:00",
    "VersionId": "1",
    "SerializationMode": "full"
  },
  "SecondaryResourceType": {
    "TargetClassType": "Transcriptomics",
    "ParentResourceTypeId": "HIRN-Ds",
    "id": "HIRN-Ds-Trans",
    "CanonicalId": "HIRN-Ds-Trans",
    "Url": null,
    "Name": "Transcriptomics",
    "Type": null,
    "SystemType": "ResourceTypeExtended",
    "Tags": [],
    "Visibility": null,
    "DateCreated": "2017-11-14T00:23:20.1036363+00:00",
    "VersionId": "1",
    "SerializationMode": "full"
  },
  "ResourceApplications": [],
  "Vendor": {
    "Contact": {
      "EmailAddress": null,
      "Address1": null,
      "Address2": null,
      "City": null,
      "StateOrProvince": null,
      "PostalCode": null,
      "Country": null,
      "PhoneNumber": null
    },
    "id": null,
    "CanonicalId": null,
    "Url": null,
    "Name": null,
    "Type": null,
    "SystemType": "Vendor",
    "Tags": [],
    "Visibility": null,
    "DateCreated": "2019-04-25T23:57:43.7911557+00:00",
    "VersionId": "1",
    "SerializationMode": "full"
  },
  "VendorName": null,
  "VendorResourceUrl": null,
  "VendorLotNumber": null,
  "VendorCatNumber": null,
  "CurationStatus": {
    "OntologyId": "HIRN",
    "id": "hirn-cv-CurationStatus-public",
    "CanonicalId": "hirn-cv-CurationStatus-public",
    "Url": "resources.hirnetwork.org/api/v1/CV/",
    "Name": "Public",
    "Type": null,
    "SystemType": "CodedValue",
    "Tags": [],
    "Visibility": null,
    "DateCreated": "2017-11-14T00:23:22.4515624+00:00",
    "VersionId": "1",
    "SerializationMode": "full"
  },
  "Attachments": [],
  "DefiningManuscriptId": "29669939",
  "BatchNumber": "4",
  "id": "3a0e6976-2d7a-4925-9b5f-0e68f7cafdad",
  "CanonicalId": "GSE110935",
  "Url": "https://www.ncbi.nlm.nih.gov/geo/query/acc.cgi?acc=GSE110935",
  "Name": "RNA-seq of isolated islet samples from healthy and cystic fibrosis donors, and mouse",
  "Type": "Resource",
  "SystemType": "Transcriptomics",
  "Tags": [],
  "Visibility": null,
  "DateCreated": "2019-04-25T23:57:44+00:00",
  "VersionId": "1",
  "SerializationMode": "full"
}
