{
  "TechnologyType": {
    "OntologyId": "OBI",
    "id": null,
    "CanonicalId": "http://purl.obolibrary.org/obo/OBI_0001271",
    "Url": "http://purl.obolibrary.org/obo/OBI_0001271",
    "Name": "RNA-seq assay",
    "Type": null,
    "SystemType": "CodedValue",
    "Tags": [],
    "Visibility": null,
    "DateCreated": "",
    "DateModified": "",
    "VersionId": "1",
    "SerializationMode": "full"
  },
  "BiosampleCharacteristics": [],
  "BiosampleType": [
    {
      "OntologyId": "CL",
      "id": null,
      "CanonicalId": "http://purl.obolibrary.org/obo/UBERON_0002370",
      "Url": "http://purl.obolibrary.org/obo/UBERON_0002370",
      "Name": "thymus",
      "Type": null,
      "SystemType": "CodedValue",
      "Tags": [],
      "Visibility": null,
      "DateCreated": "",
      "DateModified": "",
      "VersionId": "1",
      "SerializationMode": "full"
    },
    {
      "OntologyId": "NCBITAXON",
      "id": null,
      "CanonicalId": "http://purl.bioontology.org/ontology/NCBITAXON/10090",
      "Url": "http://purl.bioontology.org/ontology/NCBITAXON/10090",
      "Name": "mouse",
      "Type": null,
      "SystemType": "CodedValue",
      "Tags": [],
      "Visibility": null,
      "DateCreated": "",
      "DateModified": "",
      "VersionId": "1",
      "SerializationMode": "full"
    }
  ],
  "DatasetValue": {
    "OntologyId": null,
    "id": null,
    "CanonicalId": null,
    "Url": null,
    "Name": "3",
    "Type": null,
    "SystemType": "CodedValue",
    "Tags": [],
    "Visibility": null,
    "DateCreated": "2019-04-24T22:53:30.7665018+00:00",
    "VersionId": "1",
    "SerializationMode": "full"
  },
  "AlternateNames": [],
  "Publications": [],
  "SecondaryIdentifiers": [],
  "Description": "Samples span from embryonic day 12.5, when the thymus coalesces, until birth. They cover the whole thymus, including mesenchyme, endothelium, epithelium, thymocytes, and other lymphocytes. The dataset also includes Drop-seq data on Rag1-/- embryos and on fetal thymic organ cultures (control and a retinoic acid perturbation).",
  "Contributors": [
    {
      "Role": {
        "OntologyId": "HIRN",
        "id": "hirn-cv-ResourceRole-producer",
        "CanonicalId": "hirn-cv-ResourceRole-producer",
        "Url": "resources.hirnetwork.org/api/v1/CV/",
        "Name": "Producer",
        "Type": null,
        "SystemType": "CodedValue",
        "Tags": [],
        "Visibility": null,
        "DateCreated": "2017-11-14T00:23:22.4515624+00:00",
        "VersionId": "1",
        "SerializationMode": "full"
      },
      "Person": {
        "CanonicalId": "Rene_Maehr@hirnetwork.org",
        "DateCreated": "2017-11-14T22:29:09.627198+00:00",
        "DateModified": null,
        "Name": null,
        "SystemType": "Person",
        "Tags": [],
        "Type": null,
        "Url": null,
        "VersionId": "1",
        "Visibility": null,
        "id": "7191bd55-d0fb-4d04-a559-f1eb2e670d43",
        "Contact": {
          "Address1": null,
          "Address2": null,
          "City": "Worcester",
          "Country": "USA",
          "EmailAddress": "rene.maehr@umassmed.edu",
          "PhoneNumber": null,
          "PostalCode": null,
          "StateOrProvince": "MA"
        },
        "FirstName": "Rene",
        "HirnMembership": {
          "Consortia": [],
          "Grants": [],
          "Lab": {
            "CanonicalId": null,
            "DateCreated": "2017-11-14T22:29:09.627198+00:00",
            "DateModified": null,
            "Name": null,
            "SystemType": "PersonLab",
            "Tags": [],
            "Type": null,
            "Url": null,
            "VersionId": "1",
            "Visibility": null,
            "id": null,
            "RoleName": null
          }
        },
        "LastName": "Maehr",
        "Organization": {
          "CanonicalId": "HIRN-inst-47",
          "DateCreated": "2017-11-14T22:29:09.627198+00:00",
          "DateModified": null,
          "Name": "University of Massachusetts Medical School",
          "SystemType": "Organization",
          "Tags": [],
          "Type": null,
          "Url": null,
          "VersionId": "1",
          "Visibility": null,
          "id": null
        },
        "Suffix": "PhD"
      },
      "id": null,
      "CanonicalId": null,
      "Url": null,
      "Name": null,
      "Type": null,
      "SystemType": "Contributor",
      "Tags": [],
      "Visibility": null,
      "DateCreated": "",
      "DateModified": "",
      "VersionId": "1",
      "SerializationMode": "full"
    }
  ],
  "ContributorsOld": [],
  "ContributorsTemp": [],
  "PrimaryResourceType": {
    "TargetClassType": "Dataset",
    "ParentResourceTypeId": "",
    "id": "HIRN-Ds",
    "CanonicalId": "HIRN-Ds",
    "Url": null,
    "Name": "Datasets",
    "Type": null,
    "SystemType": "ResourceTypeExtended",
    "Tags": [],
    "Visibility": null,
    "DateCreated": "2017-11-14T00:23:20.1036363+00:00",
    "VersionId": "1",
    "SerializationMode": "full"
  },
  "SecondaryResourceType": {
    "TargetClassType": "Transcriptomics",
    "ParentResourceTypeId": "HIRN-Ds",
    "id": "HIRN-Ds-Trans",
    "CanonicalId": "HIRN-Ds-Trans",
    "Url": null,
    "Name": "Transcriptomics",
    "Type": null,
    "SystemType": "ResourceTypeExtended",
    "Tags": [],
    "Visibility": null,
    "DateCreated": "2017-11-14T00:23:20.1036363+00:00",
    "VersionId": "1",
    "SerializationMode": "full"
  },
  "ResourceApplications": [],
  "Vendor": {
    "Contact": {
      "EmailAddress": null,
      "Address1": null,
      "Address2": null,
      "City": null,
      "StateOrProvince": null,
      "PostalCode": null,
      "Country": null,
      "PhoneNumber": null
    },
    "id": null,
    "CanonicalId": null,
    "Url": null,
    "Name": null,
    "Type": null,
    "SystemType": "Vendor",
    "Tags": [],
    "Visibility": null,
    "DateCreated": "2019-04-24T22:53:30.7665018+00:00",
    "VersionId": "1",
    "SerializationMode": "full"
  },
  "VendorName": null,
  "VendorResourceUrl": null,
  "VendorLotNumber": null,
  "VendorCatNumber": null,
  "CurationStatus": {
    "OntologyId": "HIRN",
    "id": "hirn-cv-CurationStatus-unreleased",
    "CanonicalId": "hirn-cv-CurationStatus-unreleased",
    "Url": "resources.hirnetwork.org/api/v1/CV/",
    "Name": "Unreleased",
    "Type": null,
    "SystemType": "CodedValue",
    "Tags": [],
    "Visibility": null,
    "DateCreated": "2017-11-14T00:23:22.4515624+00:00",
    "VersionId": "1",
    "SerializationMode": "full"
  },
  "Attachments": [],
  "DefiningManuscriptId": "29884461",
  "BatchNumber": "4",
  "id": "e4253961-ba05-4afd-96e2-1df4f2aa4fd3",
  "CanonicalId": "GSE107910",
  "Url": "https://www.ncbi.nlm.nih.gov/geo/query/acc.cgi?acc=GSE107910",
  "Name": "Single-cell RNA-seq from eight days of mouse thymus development",
  "Type": "Resource",
  "SystemType": "Transcriptomics",
  "Tags": [],
  "Visibility": null,
  "DateCreated": "2019-04-24T22:53:31+00:00",
  "VersionId": "1",
  "SerializationMode": "full"
}
