{
  "TechnologyType": {
    "OntologyId": "OBI",
    "id": null,
    "CanonicalId": "http://purl.obolibrary.org/obo/OBI_0001271",
    "Url": "http://purl.obolibrary.org/obo/OBI_0001271",
    "Name": "RNA-seq assay",
    "Type": null,
    "SystemType": "CodedValue",
    "Tags": [],
    "Visibility": null,
    "DateCreated": "",
    "DateModified": "",
    "VersionId": "1",
    "SerializationMode": "full"
  },
  "BiosampleCharacteristics": [],
  "BiosampleType": [
    {
      "OntologyId": "CL",
      "id": null,
      "CanonicalId": "http://purl.obolibrary.org/obo/UBERON_0000006",
      "Url": "http://purl.obolibrary.org/obo/UBERON_0000006",
      "Name": "islet of Langerhans",
      "Type": null,
      "SystemType": "CodedValue",
      "Tags": [],
      "Visibility": null,
      "DateCreated": "",
      "DateModified": "",
      "VersionId": "1",
      "SerializationMode": "full"
    },
    {
      "OntologyId": "NCBITAXON",
      "id": null,
      "CanonicalId": "http://purl.bioontology.org/ontology/NCBITAXON/9606",
      "Url": "http://purl.bioontology.org/ontology/NCBITAXON/9606",
      "Name": "human",
      "Type": null,
      "SystemType": "CodedValue",
      "Tags": [],
      "Visibility": null,
      "DateCreated": "",
      "DateModified": "",
      "VersionId": "1",
      "SerializationMode": "full"
    }
  ],
  "DatasetValue": {
    "OntologyId": null,
    "id": null,
    "CanonicalId": null,
    "Url": null,
    "Name": "3",
    "Type": null,
    "SystemType": "CodedValue",
    "Tags": [],
    "Visibility": null,
    "DateCreated": "2019-04-24T22:53:30.7665018+00:00",
    "VersionId": "1",
    "SerializationMode": "full"
  },
  "AlternateNames": [],
  "Publications": [],
  "SecondaryIdentifiers": [],
  "Description": "",
  "Contributors": [
    {
      "Role": {
        "OntologyId": "HIRN",
        "id": "hirn-cv-ResourceRole-producer",
        "CanonicalId": "hirn-cv-ResourceRole-producer",
        "Url": "resources.hirnetwork.org/api/v1/CV/",
        "Name": "Producer",
        "Type": null,
        "SystemType": "CodedValue",
        "Tags": [],
        "Visibility": null,
        "DateCreated": "2017-11-14T00:23:22.4515624+00:00",
        "VersionId": "1",
        "SerializationMode": "full"
      },
      "Person": {
        "CanonicalId": "Pen_Wang@hirnetwork.org",
        "DateCreated": "2017-11-14T22:29:09.627198+00:00",
        "DateModified": null,
        "Name": null,
        "SystemType": "Person",
        "Tags": [],
        "Type": null,
        "Url": null,
        "VersionId": "1",
        "Visibility": null,
        "id": "3f0fa40c-04e1-4d02-a164-e85acde890f1",
        "Contact": {
          "Address1": null,
          "Address2": null,
          "City": "New York",
          "Country": null,
          "EmailAddress": "peng.wang@mssm.edu",
          "PhoneNumber": null,
          "PostalCode": null,
          "StateOrProvince": "NY"
        },
        "FirstName": "Peng",
        "HirnMembership": {
          "Consortia": [],
          "Grants": [],
          "Lab": {
            "CanonicalId": null,
            "DateCreated": "2017-11-14T22:29:09.627198+00:00",
            "DateModified": null,
            "Name": null,
            "SystemType": "PersonLab",
            "Tags": [],
            "Type": null,
            "Url": null,
            "VersionId": "1",
            "Visibility": null,
            "id": null,
            "RoleName": null
          }
        },
        "LastName": "Wang",
        "Organization": {
          "CanonicalId": "HIRN-inst-27",
          "DateCreated": "2017-11-14T22:29:09.627198+00:00",
          "DateModified": null,
          "Name": "Mount Sinai Hospital",
          "SystemType": "Organization",
          "Tags": [],
          "Type": null,
          "Url": null,
          "VersionId": "1",
          "Visibility": null,
          "id": null
        },
        "Suffix": "PhD"
      },
      "id": null,
      "CanonicalId": null,
      "Url": null,
      "Name": null,
      "Type": null,
      "SystemType": "Contributor",
      "Tags": [],
      "Visibility": null,
      "DateCreated": "",
      "DateModified": "",
      "VersionId": "1",
      "SerializationMode": "full"
    },
    {
      "Role": {
        "OntologyId": "HIRN",
        "id": "hirn-cv-ResourceRole-producer",
        "CanonicalId": "hirn-cv-ResourceRole-producer",
        "Url": "resources.hirnetwork.org/api/v1/CV/",
        "Name": "Producer",
        "Type": null,
        "SystemType": "CodedValue",
        "Tags": [],
        "Visibility": null,
        "DateCreated": "2017-11-14T00:23:22.4515624+00:00",
        "VersionId": "1",
        "SerializationMode": "full"
      },
      "Person": {
        "CanonicalId": "esra_karakose@hirnetwork.org",
        "DateCreated": "2017-11-14T22:29:09.626198+00:00",
        "DateModified": null,
        "Name": null,
        "SystemType": "Person",
        "Tags": [],
        "Type": null,
        "Url": null,
        "VersionId": "1",
        "Visibility": null,
        "id": "4cd5b64d-764a-4e4a-a8ff-6849f9838109",
        "Contact": {
          "Address1": null,
          "Address2": null,
          "City": "New York",
          "Country": "USA",
          "EmailAddress": "esra.karakose@mssm.edu",
          "PhoneNumber": null,
          "PostalCode": null,
          "StateOrProvince": "NY"
        },
        "FirstName": "Esra",
        "HirnMembership": {
          "Consortia": [
            {
              "CanonicalId": "HIRN-Consortium-CTAR",
              "DateCreated": "2017-11-14T22:29:09.626198+00:00",
              "DateModified": null,
              "Name": "CTAR",
              "SystemType": "PersonConsortium",
              "Tags": [],
              "Type": null,
              "Url": null,
              "VersionId": "1",
              "Visibility": null,
              "id": null,
              "RoleName": "Postdoc"
            }
          ],
          "Grants": [
            {
              "CanonicalId": "HIRN-grant-4",
              "DateCreated": "2017-11-14T22:29:09.626198+00:00",
              "DateModified": null,
              "Name": "CTAR: Powers",
              "SystemType": "PersonGrant",
              "Tags": [],
              "Type": null,
              "Url": null,
              "VersionId": "1",
              "Visibility": null,
              "id": "125",
              "GrantNumber": "UC4 DK104211  ",
              "RoleName": "Postdoc"
            }
          ],
          "Lab": {
            "CanonicalId": null,
            "DateCreated": "2017-11-14T22:29:09.626198+00:00",
            "DateModified": null,
            "Name": null,
            "SystemType": "PersonLab",
            "Tags": [],
            "Type": null,
            "Url": null,
            "VersionId": "1",
            "Visibility": null,
            "id": null,
            "RoleName": null
          }
        },
        "LastName": "Karakose",
        "Organization": {
          "CanonicalId": "HIRN-inst-27",
          "DateCreated": "2017-11-14T22:29:09.626198+00:00",
          "DateModified": null,
          "Name": "Mount Sinai Hospital",
          "SystemType": "Organization",
          "Tags": [],
          "Type": null,
          "Url": null,
          "VersionId": "1",
          "Visibility": null,
          "id": null
        },
        "Suffix": null
      },
      "id": null,
      "CanonicalId": null,
      "Url": null,
      "Name": null,
      "Type": null,
      "SystemType": "Contributor",
      "Tags": [],
      "Visibility": null,
      "DateCreated": "",
      "DateModified": "",
      "VersionId": "1",
      "SerializationMode": "full"
    },
    {
      "Role": {
        "OntologyId": "HIRN",
        "id": "hirn-cv-ResourceRole-producer",
        "CanonicalId": "hirn-cv-ResourceRole-producer",
        "Url": "resources.hirnetwork.org/api/v1/CV/",
        "Name": "Producer",
        "Type": null,
        "SystemType": "CodedValue",
        "Tags": [],
        "Visibility": null,
        "DateCreated": "2017-11-14T00:23:22.4515624+00:00",
        "VersionId": "1",
        "SerializationMode": "full"
      },
      "Person": {
        "CanonicalId": "Bryan_Gonzalez@hirnetwork.org",
        "DateCreated": "2017-11-14T22:29:09.626198+00:00",
        "DateModified": null,
        "Name": null,
        "SystemType": "Person",
        "Tags": [],
        "Type": null,
        "Url": null,
        "VersionId": "1",
        "Visibility": null,
        "id": "5c6b5a38-c3e9-4777-836f-97f0b31bb3cc",
        "Contact": {
          "Address1": null,
          "Address2": null,
          "City": "New York",
          "Country": "USA",
          "EmailAddress": "bg2450@cumc.columbia.edu",
          "PhoneNumber": null,
          "PostalCode": null,
          "StateOrProvince": "New York"
        },
        "FirstName": "Bryan",
        "HirnMembership": {
          "Consortia": [],
          "Grants": [],
          "Lab": {
            "CanonicalId": "HIRN-Lab-9",
            "DateCreated": "2017-11-14T22:29:09.626198+00:00",
            "DateModified": null,
            "Name": "Dieter Egli",
            "SystemType": "PersonLab",
            "Tags": [],
            "Type": null,
            "Url": null,
            "VersionId": "1",
            "Visibility": null,
            "id": null,
            "RoleName": "Research Staff"
          }
        },
        "LastName": "Gonzalez",
        "Organization": {
          "CanonicalId": "HIRN-inst-11",
          "DateCreated": "2017-11-14T22:29:09.626198+00:00",
          "DateModified": null,
          "Name": "Columbia University",
          "SystemType": "Organization",
          "Tags": [],
          "Type": null,
          "Url": null,
          "VersionId": "1",
          "Visibility": null,
          "id": null
        },
        "Suffix": null
      },
      "id": null,
      "CanonicalId": null,
      "Url": null,
      "Name": null,
      "Type": null,
      "SystemType": "Contributor",
      "Tags": [],
      "Visibility": null,
      "DateCreated": "",
      "DateModified": "",
      "VersionId": "1",
      "SerializationMode": "full"
    },
    {
      "Role": {
        "OntologyId": "HIRN",
        "id": "hirn-cv-ResourceRole-producer",
        "CanonicalId": "hirn-cv-ResourceRole-producer",
        "Url": "resources.hirnetwork.org/api/v1/CV/",
        "Name": "Producer",
        "Type": null,
        "SystemType": "CodedValue",
        "Tags": [],
        "Visibility": null,
        "DateCreated": "2017-11-14T00:23:22.4515624+00:00",
        "VersionId": "1",
        "SerializationMode": "full"
      },
      "Person": {
        "CanonicalId": "Dirk_Homann@hirnetwork.org",
        "DateCreated": "2017-11-14T22:29:09.626198+00:00",
        "DateModified": null,
        "Name": null,
        "SystemType": "Person",
        "Tags": [],
        "Type": null,
        "Url": null,
        "VersionId": "1",
        "Visibility": null,
        "id": "81effae9-f21e-4698-8f35-7e44a95238bc",
        "Contact": {
          "Address1": null,
          "Address2": null,
          "City": null,
          "Country": null,
          "EmailAddress": "dirk.homann@mssm.edu",
          "PhoneNumber": null,
          "PostalCode": null,
          "StateOrProvince": null
        },
        "FirstName": "Dirk",
        "HirnMembership": {
          "Consortia": [
            {
              "CanonicalId": "HIRN-Consortium-OPP",
              "DateCreated": "2017-11-14T22:29:09.626198+00:00",
              "DateModified": null,
              "Name": "OPP",
              "SystemType": "PersonConsortium",
              "Tags": [],
              "Type": null,
              "Url": null,
              "VersionId": "1",
              "Visibility": null,
              "id": null,
              "RoleName": "Investigator"
            }
          ],
          "Grants": [
            {
              "CanonicalId": "HIRN-grant-34",
              "DateCreated": "2017-11-14T22:29:09.626198+00:00",
              "DateModified": null,
              "Name": "CMAI: Kent",
              "SystemType": "PersonGrant",
              "Tags": [],
              "Type": null,
              "Url": null,
              "VersionId": "1",
              "Visibility": null,
              "id": "78",
              "GrantNumber": "UC4 DK116284",
              "RoleName": "Co-Investigator"
            }
          ],
          "Lab": {
            "CanonicalId": null,
            "DateCreated": "2017-11-14T22:29:09.626198+00:00",
            "DateModified": null,
            "Name": null,
            "SystemType": "PersonLab",
            "Tags": [],
            "Type": null,
            "Url": null,
            "VersionId": "1",
            "Visibility": null,
            "id": null,
            "RoleName": null
          }
        },
        "LastName": "Homann",
        "Organization": {
          "CanonicalId": "HIRN-inst-27",
          "DateCreated": "2017-11-14T22:29:09.626198+00:00",
          "DateModified": null,
          "Name": "Mount Sinai Hospital",
          "SystemType": "Organization",
          "Tags": [],
          "Type": null,
          "Url": null,
          "VersionId": "1",
          "Visibility": null,
          "id": null
        },
        "Suffix": "MD"
      },
      "id": null,
      "CanonicalId": null,
      "Url": null,
      "Name": null,
      "Type": null,
      "SystemType": "Contributor",
      "Tags": [],
      "Visibility": null,
      "DateCreated": "",
      "DateModified": "",
      "VersionId": "1",
      "SerializationMode": "full"
    },
    {
      "Role": {
        "OntologyId": "HIRN",
        "id": "hirn-cv-ResourceRole-producer",
        "CanonicalId": "hirn-cv-ResourceRole-producer",
        "Url": "resources.hirnetwork.org/api/v1/CV/",
        "Name": "Producer",
        "Type": null,
        "SystemType": "CodedValue",
        "Tags": [],
        "Visibility": null,
        "DateCreated": "2017-11-14T00:23:22.4515624+00:00",
        "VersionId": "1",
        "SerializationMode": "full"
      },
      "Person": {
        "CanonicalId": "dieter_egli@hirnetwork.org",
        "DateCreated": "2017-11-14T22:29:09.626198+00:00",
        "DateModified": null,
        "Name": null,
        "SystemType": "Person",
        "Tags": [],
        "Type": null,
        "Url": null,
        "VersionId": "1",
        "Visibility": null,
        "id": "b161be74-1179-429e-8ee6-1a8ca13e948c",
        "Contact": {
          "Address1": null,
          "Address2": null,
          "City": "New York",
          "Country": "USA",
          "EmailAddress": "de2220@columbia.edu",
          "PhoneNumber": null,
          "PostalCode": null,
          "StateOrProvince": "NY"
        },
        "FirstName": "Dieter",
        "HirnMembership": {
          "Consortia": [
            {
              "CanonicalId": "HIRN-Consortium-CMAI",
              "DateCreated": "2017-11-14T22:29:09.626198+00:00",
              "DateModified": null,
              "Name": "CMAI",
              "SystemType": "PersonConsortium",
              "Tags": [],
              "Type": null,
              "Url": null,
              "VersionId": "1",
              "Visibility": null,
              "id": null,
              "RoleName": "Co-Investigator"
            }
          ],
          "Grants": [],
          "Lab": {
            "CanonicalId": null,
            "DateCreated": "2017-11-14T22:29:09.626198+00:00",
            "DateModified": null,
            "Name": null,
            "SystemType": "PersonLab",
            "Tags": [],
            "Type": null,
            "Url": null,
            "VersionId": "1",
            "Visibility": null,
            "id": null,
            "RoleName": null
          }
        },
        "LastName": "Egli",
        "Organization": {
          "CanonicalId": "HIRN-inst-11",
          "DateCreated": "2017-11-14T22:29:09.626198+00:00",
          "DateModified": null,
          "Name": "Columbia University",
          "SystemType": "Organization",
          "Tags": [],
          "Type": null,
          "Url": null,
          "VersionId": "1",
          "Visibility": null,
          "id": null
        },
        "Suffix": "PhD"
      },
      "id": null,
      "CanonicalId": null,
      "Url": null,
      "Name": null,
      "Type": null,
      "SystemType": "Contributor",
      "Tags": [],
      "Visibility": null,
      "DateCreated": "",
      "DateModified": "",
      "VersionId": "1",
      "SerializationMode": "full"
    },
    {
      "Role": {
        "OntologyId": "HIRN",
        "id": "hirn-cv-ResourceRole-producer",
        "CanonicalId": "hirn-cv-ResourceRole-producer",
        "Url": "resources.hirnetwork.org/api/v1/CV/",
        "Name": "Producer",
        "Type": null,
        "SystemType": "CodedValue",
        "Tags": [],
        "Visibility": null,
        "DateCreated": "2017-11-14T00:23:22.4515624+00:00",
        "VersionId": "1",
        "SerializationMode": "full"
      },
      "Person": {
        "CanonicalId": "andrew_stewart@hirnetwork.org",
        "DateCreated": "2017-11-14T22:29:09.627198+00:00",
        "DateModified": null,
        "Name": null,
        "SystemType": "Person",
        "Tags": [],
        "Type": null,
        "Url": null,
        "VersionId": "1",
        "Visibility": null,
        "id": "23d07674-7e67-4a68-bad6-3e3fa59ea4bc",
        "Contact": {
          "Address1": null,
          "Address2": null,
          "City": "New York",
          "Country": "USA",
          "EmailAddress": "andrew.stewart@mssm.edu",
          "PhoneNumber": null,
          "PostalCode": null,
          "StateOrProvince": "NY"
        },
        "FirstName": "Andrew",
        "HirnMembership": {
          "Consortia": [
            {
              "CanonicalId": "HIRN-Consortium-CTAR",
              "DateCreated": "2017-11-14T22:29:09.627198+00:00",
              "DateModified": null,
              "Name": "CTAR",
              "SystemType": "PersonConsortium",
              "Tags": [],
              "Type": null,
              "Url": null,
              "VersionId": "1",
              "Visibility": null,
              "id": null,
              "RoleName": "Investigator"
            }
          ],
          "Grants": [
            {
              "CanonicalId": "HIRN-grant-4",
              "DateCreated": "2017-11-14T22:29:09.627198+00:00",
              "DateModified": null,
              "Name": "CTAR: Powers",
              "SystemType": "PersonGrant",
              "Tags": [],
              "Type": null,
              "Url": null,
              "VersionId": "1",
              "Visibility": null,
              "id": "55",
              "GrantNumber": "UC4 DK104211  ",
              "RoleName": "Investigator"
            }
          ],
          "Lab": {
            "CanonicalId": null,
            "DateCreated": "2017-11-14T22:29:09.627198+00:00",
            "DateModified": null,
            "Name": null,
            "SystemType": "PersonLab",
            "Tags": [],
            "Type": null,
            "Url": null,
            "VersionId": "1",
            "Visibility": null,
            "id": null,
            "RoleName": null
          }
        },
        "LastName": "Stewart",
        "Organization": {
          "CanonicalId": "HIRN-inst-27",
          "DateCreated": "2017-11-14T22:29:09.627198+00:00",
          "DateModified": null,
          "Name": "Mount Sinai Hospital",
          "SystemType": "Organization",
          "Tags": [],
          "Type": null,
          "Url": null,
          "VersionId": "1",
          "Visibility": null,
          "id": null
        },
        "Suffix": "MD"
      },
      "id": null,
      "CanonicalId": null,
      "Url": null,
      "Name": null,
      "Type": null,
      "SystemType": "Contributor",
      "Tags": [],
      "Visibility": null,
      "DateCreated": "",
      "DateModified": "",
      "VersionId": "1",
      "SerializationMode": "full"
    }
  ],
  "ContributorsOld": [],
  "ContributorsTemp": [],
  "PrimaryResourceType": {
    "TargetClassType": "Dataset",
    "ParentResourceTypeId": "",
    "id": "HIRN-Ds",
    "CanonicalId": "HIRN-Ds",
    "Url": null,
    "Name": "Datasets",
    "Type": null,
    "SystemType": "ResourceTypeExtended",
    "Tags": [],
    "Visibility": null,
    "DateCreated": "2017-11-14T00:23:20.1036363+00:00",
    "VersionId": "1",
    "SerializationMode": "full"
  },
  "SecondaryResourceType": {
    "TargetClassType": "Transcriptomics",
    "ParentResourceTypeId": "HIRN-Ds",
    "id": "HIRN-Ds-Trans",
    "CanonicalId": "HIRN-Ds-Trans",
    "Url": null,
    "Name": "Transcriptomics",
    "Type": null,
    "SystemType": "ResourceTypeExtended",
    "Tags": [],
    "Visibility": null,
    "DateCreated": "2017-11-14T00:23:20.1036363+00:00",
    "VersionId": "1",
    "SerializationMode": "full"
  },
  "ResourceApplications": [],
  "Vendor": {
    "Contact": {
      "EmailAddress": null,
      "Address1": null,
      "Address2": null,
      "City": null,
      "StateOrProvince": null,
      "PostalCode": null,
      "Country": null,
      "PhoneNumber": null
    },
    "id": null,
    "CanonicalId": null,
    "Url": null,
    "Name": null,
    "Type": null,
    "SystemType": "Vendor",
    "Tags": [],
    "Visibility": null,
    "DateCreated": "2019-04-24T22:53:30.7665018+00:00",
    "VersionId": "1",
    "SerializationMode": "full"
  },
  "VendorName": null,
  "VendorResourceUrl": null,
  "VendorLotNumber": null,
  "VendorCatNumber": null,
  "CurationStatus": {
    "OntologyId": "HIRN",
    "id": "hirn-cv-CurationStatus-unreleased",
    "CanonicalId": "hirn-cv-CurationStatus-unreleased",
    "Url": "resources.hirnetwork.org/api/v1/CV/",
    "Name": "Unreleased",
    "Type": null,
    "SystemType": "CodedValue",
    "Tags": [],
    "Visibility": null,
    "DateCreated": "2017-11-14T00:23:22.4515624+00:00",
    "VersionId": "1",
    "SerializationMode": "full"
  },
  "Attachments": [],
  "DefiningManuscriptId": "30581122",
  "BatchNumber": "4",
  "id": "72339873-f626-4a23-9a7d-c03e64feb704",
  "CanonicalId": "Alternate accession",
  "Url": "",
  "Name": "RNA-seq of whole human Islets from three different donors in response to vehicle (DMSO), harmine, LY or the Harmine+LY combination",
  "Type": "Resource",
  "SystemType": "Transcriptomics",
  "Tags": [],
  "Visibility": null,
  "DateCreated": "2019-04-24T22:53:30+00:00",
  "VersionId": "1",
  "SerializationMode": "full"
}
