{
  "Applications": [
    {
      "OntologyId": "OBI",
      "id": null,
      "CanonicalId": "http://purl.obolibrary.org/obo/OBI_0000666",
      "Url": "http://purl.obolibrary.org/obo/OBI_0000666",
      "Name": "background correction data transformation",
      "Type": null,
      "SystemType": "CodedValue",
      "Tags": [],
      "Visibility": null,
      "DateCreated": "",
      "DateModified": "",
      "VersionId": "1",
      "SerializationMode": "full"
    }
  ],
  "Dependencies": [],
  "CompatibleTools": [],
  "AlternateNames": [],
  "Publications": [],
  "SecondaryIdentifiers": [],
  "Description": "CellCycleTRACER is a supervised machine-learning algorithm that classifies and sorts single-cell mass cytometry data according to their cell cycle, which allows us to correct for cell-cycle-state and cell-volume heterogeneity. (Also see CellCycleTRACER in Assays). It is downloadable and also implemented as a simple and intuitive graphical user interface and can be applied to any mass cytometry dataset.",
  "Contributors": [
    {
      "Role": {
        "OntologyId": "HIRN",
        "id": "hirn-cv-ResourceRole-producer",
        "CanonicalId": "hirn-cv-ResourceRole-producer",
        "Url": "resources.hirnetwork.org/api/v1/CV/",
        "Name": "Producer",
        "Type": null,
        "SystemType": "CodedValue",
        "Tags": [],
        "Visibility": null,
        "DateCreated": "2017-11-14T00:23:22.4515624+00:00",
        "VersionId": "1",
        "SerializationMode": "full"
      },
      "Participant": {
        "FirstName": "Bernd",
        "LastName": "Bodenmiller",
        "MiddleName": null,
        "Suffix": "PhD",
        "Contact": {
          "EmailAddress": "bernd.bodenmiller@imls.uzh.ch",
          "Address1": null,
          "Address2": null,
          "City": "Zurich",
          "StateOrProvince": "",
          "PostalCode": null,
          "Country": "Switzerland",
          "PhoneNumber": ""
        },
        "Groups": [
          {
            "Group": {
              "id": null,
              "CanonicalId": "HIRN-Consortium-CBDS",
              "Url": null,
              "Name": "CBDS",
              "Type": null,
              "SystemType": "Group",
              "Tags": [],
              "Visibility": null,
              "DateCreated": "2019-03-26T17:34:41.854344+00:00",
              "VersionId": "1",
              "SerializationMode": "full"
            },
            "RoleName": "Investigator"
          }
        ],
        "Grants": [
          {
            "Grant": {
              "GrantNumber": "UC4 DK108101",
              "id": "96",
              "CanonicalId": "HIRN-grant-24",
              "Url": null,
              "Name": "CBDS: Atkinson",
              "Type": null,
              "SystemType": "Grant",
              "Tags": [],
              "Visibility": null,
              "DateCreated": "2019-03-26T17:34:41.854344+00:00",
              "VersionId": "1",
              "SerializationMode": "full"
            },
            "RoleName": "Investigator"
          }
        ],
        "LabMembership": {
          "Lab": {
            "id": null,
            "CanonicalId": null,
            "Url": null,
            "Name": null,
            "Type": null,
            "SystemType": "Lab",
            "Tags": [],
            "Visibility": null,
            "DateCreated": "2019-03-26T17:34:41.854344+00:00",
            "VersionId": "1",
            "SerializationMode": "full"
          },
          "RoleName": null
        },
        "Organization": {
          "id": null,
          "CanonicalId": "HIRN-inst-52",
          "Url": null,
          "Name": "University of Zurich",
          "Type": null,
          "SystemType": "Organization",
          "Tags": [],
          "Visibility": null,
          "DateCreated": "2019-03-26T17:34:41.854344+00:00",
          "VersionId": "1",
          "SerializationMode": "full"
        },
        "id": "ee4bcbc5-697b-44a5-89dd-ea5e3cc10582",
        "CanonicalId": "bernd_bodenmiller@hirnetwork.org",
        "Url": null,
        "Name": null,
        "Type": null,
        "SystemType": "Person",
        "Tags": [],
        "Visibility": null,
        "DateCreated": "2019-03-26T17:34:41.854344+00:00",
        "VersionId": "1",
        "SerializationMode": "full"
      },
      "id": null,
      "CanonicalId": null,
      "Url": null,
      "Name": null,
      "Type": null,
      "SystemType": "Contributor",
      "Tags": [],
      "Visibility": null,
      "DateCreated": "",
      "DateModified": "",
      "VersionId": "1",
      "SerializationMode": "full"
    }
  ],
  "ContributorsOld": [],
  "ContributorsTemp": [],
  "PrimaryResourceType": {
    "TargetClassType": "Technology",
    "ParentResourceTypeId": "",
    "id": "HIRN-Tc",
    "CanonicalId": "HIRN-Tc",
    "Url": null,
    "Name": "Technology",
    "Type": null,
    "SystemType": "ResourceTypeExtended",
    "Tags": [],
    "Visibility": null,
    "DateCreated": "2017-11-14T00:23:20.1036363+00:00",
    "VersionId": "1",
    "SerializationMode": "full"
  },
  "SecondaryResourceType": {
    "TargetClassType": "CodePipeline",
    "ParentResourceTypeId": "HIRN-Tc",
    "id": "HIRN-Tc-CP",
    "CanonicalId": "HIRN-Tc-CP",
    "Url": null,
    "Name": "Code/Pipeline",
    "Type": null,
    "SystemType": "ResourceTypeExtended",
    "Tags": [],
    "Visibility": null,
    "DateCreated": "2017-11-14T00:23:20.1036363+00:00",
    "VersionId": "1",
    "SerializationMode": "full"
  },
  "ResourceApplications": [],
  "Vendor": {
    "Contact": {
      "EmailAddress": null,
      "Address1": null,
      "Address2": null,
      "City": null,
      "StateOrProvince": null,
      "PostalCode": null,
      "Country": null,
      "PhoneNumber": null
    },
    "id": null,
    "CanonicalId": null,
    "Url": null,
    "Name": null,
    "Type": null,
    "SystemType": "Vendor",
    "Tags": [],
    "Visibility": null,
    "DateCreated": "2019-04-26T01:22:19.5718812+00:00",
    "VersionId": "1",
    "SerializationMode": "full"
  },
  "VendorName": null,
  "VendorResourceUrl": null,
  "VendorLotNumber": null,
  "VendorCatNumber": null,
  "CurationStatus": {
    "OntologyId": "HIRN",
    "id": "hirn-cv-CurationStatus-public",
    "CanonicalId": "hirn-cv-CurationStatus-public",
    "Url": "resources.hirnetwork.org/api/v1/CV/",
    "Name": "Public",
    "Type": null,
    "SystemType": "CodedValue",
    "Tags": [],
    "Visibility": null,
    "DateCreated": "2017-11-14T00:23:22.4515624+00:00",
    "VersionId": "1",
    "SerializationMode": "full"
  },
  "Attachments": [],
  "DefiningManuscriptId": "PMID29434325",
  "BatchNumber": "5",
  "id": "4c9db82d-a361-44b2-aac2-12bf0591d810",
  "CanonicalId": "RRID:SCR_017128",
  "Url": "https://www.zurich.ibm.com/cellcycletracer/",
  "Name": "CellCycleTRACER (algorithm for cell-cycle and cell-volume correction in mass cytometry data)",
  "Type": "Resource",
  "SystemType": "CodePipeline",
  "Tags": [],
  "Visibility": null,
  "DateCreated": "2019-04-26T01:22:19.5718812+00:00",
  "VersionId": "1",
  "SerializationMode": "full"
}
