{
  "Applications": [
    {
      "OntologyId": "ERO",
      "id": null,
      "CanonicalId": "http://purl.obolibrary.org/obo/ERO_0100272",
      "Url": "http://purl.obolibrary.org/obo/ERO_0100272",
      "Name": "population modeling objective",
      "Type": null,
      "SystemType": "CodedValue",
      "Tags": [],
      "Visibility": null,
      "DateCreated": "",
      "DateModified": "",
      "VersionId": "1",
      "SerializationMode": "full"
    }
  ],
  "Dependencies": [],
  "CompatibleTools": [],
  "AlternateNames": [],
  "Publications": [],
  "SecondaryIdentifiers": [],
  "Description": "A set of scripts to implement pseudodynamics, a mathematical framework that models population distribution shifts across trajectories to quantify selection pressure, population expansion, and developmental potentials. It was applied to time-resolved single-cell RNA-sequencing of T-cell and pancreatic beta cell maturation to characterize proliferation and apoptosis rates and identify key developmental checkpoints, data inaccessible to existing approaches.",
  "Contributors": [
    {
      "Role": {
        "OntologyId": "HIRN",
        "id": "hirn-cv-ResourceRole-producer",
        "CanonicalId": "hirn-cv-ResourceRole-producer",
        "Url": "resources.hirnetwork.org/api/v1/CV/",
        "Name": "Producer",
        "Type": null,
        "SystemType": "CodedValue",
        "Tags": [],
        "Visibility": null,
        "DateCreated": "2017-11-14T00:23:22.4515624+00:00",
        "VersionId": "1",
        "SerializationMode": "full"
      },
      "Participant": {
        "FirstName": "Heiko",
        "LastName": "Lickert",
        "MiddleName": null,
        "Suffix": "PhD",
        "Contact": {
          "EmailAddress": "heiko.lickert@zimbra.helmholtz-muenchen.de",
          "Address1": null,
          "Address2": null,
          "City": "Neuherberg",
          "StateOrProvince": "",
          "PostalCode": null,
          "Country": "Germany",
          "PhoneNumber": ""
        },
        "Groups": [],
        "Grants": [],
        "LabMembership": {
          "Lab": {
            "id": null,
            "CanonicalId": null,
            "Url": null,
            "Name": null,
            "Type": null,
            "SystemType": "Lab",
            "Tags": [],
            "Visibility": null,
            "DateCreated": "2019-03-26T17:34:41.9218433+00:00",
            "VersionId": "1",
            "SerializationMode": "full"
          },
          "RoleName": null
        },
        "Organization": {
          "id": null,
          "CanonicalId": "HIRN-inst-22",
          "Url": null,
          "Name": "Institute of Diabetes and  Regeneration Research",
          "Type": null,
          "SystemType": "Organization",
          "Tags": [],
          "Visibility": null,
          "DateCreated": "2019-03-26T17:34:41.9218433+00:00",
          "VersionId": "1",
          "SerializationMode": "full"
        },
        "id": "ad434fc2-7aa3-45ad-86ac-64b20daf2890",
        "CanonicalId": "Heiko_Lickert@hirnetwork.org",
        "Url": null,
        "Name": null,
        "Type": null,
        "SystemType": "Person",
        "Tags": [],
        "Visibility": null,
        "DateCreated": "2019-03-26T17:34:41.9218433+00:00",
        "VersionId": "1",
        "SerializationMode": "full"
      },
      "id": null,
      "CanonicalId": null,
      "Url": null,
      "Name": null,
      "Type": null,
      "SystemType": "Contributor",
      "Tags": [],
      "Visibility": null,
      "DateCreated": "",
      "DateModified": "",
      "VersionId": "1",
      "SerializationMode": "full"
    },
    {
      "Role": {
        "OntologyId": "HIRN",
        "id": "hirn-cv-ResourceRole-producer",
        "CanonicalId": "hirn-cv-ResourceRole-producer",
        "Url": "resources.hirnetwork.org/api/v1/CV/",
        "Name": "Producer",
        "Type": null,
        "SystemType": "CodedValue",
        "Tags": [],
        "Visibility": null,
        "DateCreated": "2017-11-14T00:23:22.4515624+00:00",
        "VersionId": "1",
        "SerializationMode": "full"
      },
      "Participant": {
        "FirstName": "Rene",
        "LastName": "Maehr",
        "MiddleName": null,
        "Suffix": "PhD",
        "Contact": {
          "EmailAddress": "rene.maehr@umassmed.edu",
          "Address1": null,
          "Address2": null,
          "City": "Worcester",
          "StateOrProvince": "MA",
          "PostalCode": null,
          "Country": "USA",
          "PhoneNumber": ""
        },
        "Groups": [],
        "Grants": [],
        "LabMembership": {
          "Lab": {
            "id": null,
            "CanonicalId": null,
            "Url": null,
            "Name": null,
            "Type": null,
            "SystemType": "Lab",
            "Tags": [],
            "Visibility": null,
            "DateCreated": "2019-03-26T17:34:41.9324477+00:00",
            "VersionId": "1",
            "SerializationMode": "full"
          },
          "RoleName": null
        },
        "Organization": {
          "id": null,
          "CanonicalId": "HIRN-inst-47",
          "Url": null,
          "Name": "University of Massachusetts Medical School",
          "Type": null,
          "SystemType": "Organization",
          "Tags": [],
          "Visibility": null,
          "DateCreated": "2019-03-26T17:34:41.9324477+00:00",
          "VersionId": "1",
          "SerializationMode": "full"
        },
        "id": "3e03850f-5d69-4d63-bf2b-04fe9cd92fc7",
        "CanonicalId": "Rene_Maehr@hirnetwork.org",
        "Url": null,
        "Name": null,
        "Type": null,
        "SystemType": "Person",
        "Tags": [],
        "Visibility": null,
        "DateCreated": "2019-03-26T17:34:41.9324477+00:00",
        "VersionId": "1",
        "SerializationMode": "full"
      },
      "id": null,
      "CanonicalId": null,
      "Url": null,
      "Name": null,
      "Type": null,
      "SystemType": "Contributor",
      "Tags": [],
      "Visibility": null,
      "DateCreated": "",
      "DateModified": "",
      "VersionId": "1",
      "SerializationMode": "full"
    }
  ],
  "ContributorsOld": [],
  "ContributorsTemp": [],
  "PrimaryResourceType": {
    "TargetClassType": "Technology",
    "ParentResourceTypeId": "",
    "id": "HIRN-Tc",
    "CanonicalId": "HIRN-Tc",
    "Url": null,
    "Name": "Technology",
    "Type": null,
    "SystemType": "ResourceTypeExtended",
    "Tags": [],
    "Visibility": null,
    "DateCreated": "2017-11-14T00:23:20.1036363+00:00",
    "VersionId": "1",
    "SerializationMode": "full"
  },
  "SecondaryResourceType": {
    "TargetClassType": "CodePipeline",
    "ParentResourceTypeId": "HIRN-Tc",
    "id": "HIRN-Tc-CP",
    "CanonicalId": "HIRN-Tc-CP",
    "Url": null,
    "Name": "Code/Pipeline",
    "Type": null,
    "SystemType": "ResourceTypeExtended",
    "Tags": [],
    "Visibility": null,
    "DateCreated": "2017-11-14T00:23:20.1036363+00:00",
    "VersionId": "1",
    "SerializationMode": "full"
  },
  "ResourceApplications": [],
  "Vendor": {
    "Contact": {
      "EmailAddress": null,
      "Address1": null,
      "Address2": null,
      "City": null,
      "StateOrProvince": null,
      "PostalCode": null,
      "Country": null,
      "PhoneNumber": null
    },
    "id": null,
    "CanonicalId": null,
    "Url": null,
    "Name": null,
    "Type": null,
    "SystemType": "Vendor",
    "Tags": [],
    "Visibility": null,
    "DateCreated": "2019-04-26T01:22:19.5718812+00:00",
    "VersionId": "1",
    "SerializationMode": "full"
  },
  "VendorName": null,
  "VendorResourceUrl": null,
  "VendorLotNumber": null,
  "VendorCatNumber": null,
  "CurationStatus": {
    "OntologyId": "HIRN",
    "id": "hirn-cv-CurationStatus-public",
    "CanonicalId": "hirn-cv-CurationStatus-public",
    "Url": "resources.hirnetwork.org/api/v1/CV/",
    "Name": "Public",
    "Type": null,
    "SystemType": "CodedValue",
    "Tags": [],
    "Visibility": null,
    "DateCreated": "2017-11-14T00:23:22.4515624+00:00",
    "VersionId": "1",
    "SerializationMode": "full"
  },
  "Attachments": [],
  "DefiningManuscriptId": "PMID30936567",
  "BatchNumber": "5",
  "id": "d20f5d57-99c4-4c46-acdb-c7f53a7dd2ed",
  "CanonicalId": "",
  "Url": "https://github.com/theislab/pseudodynamics",
  "Name": "Pseudodynamics modeling framework (MATLAB implementation)",
  "Type": "Resource",
  "SystemType": "CodePipeline",
  "Tags": [],
  "Visibility": null,
  "DateCreated": "2019-04-26T01:22:19.5718812+00:00",
  "VersionId": "1",
  "SerializationMode": "full"
}
