{
  "Applications": [
    {
      "OntologyId": "ERO",
      "id": null,
      "CanonicalId": "http://purl.obolibrary.org/obo/ERO_0100190",
      "Url": "http://purl.obolibrary.org/obo/ERO_0100190",
      "Name": "transcript splicing prediction objective",
      "Type": null,
      "SystemType": "CodedValue",
      "Tags": [],
      "Visibility": null,
      "DateCreated": "",
      "DateModified": "",
      "VersionId": "1",
      "SerializationMode": "full"
    }
  ],
  "Dependencies": [],
  "CompatibleTools": [],
  "AlternateNames": [],
  "Publications": [],
  "SecondaryIdentifiers": [],
  "Description": "A custom Python script to predict peptide splice products, used for islet RNA-seq datasets and mTEC RNA-seq dataset.",
  "Contributors": [
    {
      "Role": {
        "OntologyId": "HIRN",
        "id": "hirn-cv-ResourceRole-producer",
        "CanonicalId": "hirn-cv-ResourceRole-producer",
        "Url": "resources.hirnetwork.org/api/v1/CV/",
        "Name": "Producer",
        "Type": null,
        "SystemType": "CodedValue",
        "Tags": [],
        "Visibility": null,
        "DateCreated": "2017-11-14T00:23:22.4515624+00:00",
        "VersionId": "1",
        "SerializationMode": "full"
      },
      "Participant": {
        "FirstName": "Decio",
        "LastName": "Eizirik",
        "MiddleName": null,
        "Suffix": "MD, PhD",
        "Contact": {
          "EmailAddress": "Decio.Laks.Eizirik@ulb.ac.be",
          "Address1": null,
          "Address2": null,
          "City": "Brussels",
          "StateOrProvince": "",
          "PostalCode": null,
          "Country": "Belgium",
          "PhoneNumber": ""
        },
        "Groups": [
          {
            "Group": {
              "id": null,
              "CanonicalId": "HIRN-Consortium-CBDS",
              "Url": null,
              "Name": "CBDS",
              "Type": null,
              "SystemType": "Group",
              "Tags": [],
              "Visibility": null,
              "DateCreated": "2019-03-26T17:34:41.8855814+00:00",
              "VersionId": "1",
              "SerializationMode": "full"
            },
            "RoleName": "Investigator"
          }
        ],
        "Grants": [],
        "LabMembership": {
          "Lab": {
            "id": null,
            "CanonicalId": null,
            "Url": null,
            "Name": null,
            "Type": null,
            "SystemType": "Lab",
            "Tags": [],
            "Visibility": null,
            "DateCreated": "2019-03-26T17:34:41.8855814+00:00",
            "VersionId": "1",
            "SerializationMode": "full"
          },
          "RoleName": null
        },
        "Organization": {
          "id": null,
          "CanonicalId": "HIRN-inst-38",
          "Url": null,
          "Name": "University of Brussels",
          "Type": null,
          "SystemType": "Organization",
          "Tags": [],
          "Visibility": null,
          "DateCreated": "2019-03-26T17:34:41.8855814+00:00",
          "VersionId": "1",
          "SerializationMode": "full"
        },
        "id": "74434bad-9ab8-4696-87e3-39ec201fee98",
        "CanonicalId": "decio_eizirik@hirnetwork.org",
        "Url": null,
        "Name": null,
        "Type": null,
        "SystemType": "Person",
        "Tags": [],
        "Visibility": null,
        "DateCreated": "2019-03-26T17:34:41.8855814+00:00",
        "VersionId": "1",
        "SerializationMode": "full"
      },
      "id": null,
      "CanonicalId": null,
      "Url": null,
      "Name": null,
      "Type": null,
      "SystemType": "Contributor",
      "Tags": [],
      "Visibility": null,
      "DateCreated": "",
      "DateModified": "",
      "VersionId": "1",
      "SerializationMode": "full"
    }
  ],
  "ContributorsOld": [],
  "ContributorsTemp": [],
  "PrimaryResourceType": {
    "TargetClassType": "Technology",
    "ParentResourceTypeId": "",
    "id": "HIRN-Tc",
    "CanonicalId": "HIRN-Tc",
    "Url": null,
    "Name": "Technology",
    "Type": null,
    "SystemType": "ResourceTypeExtended",
    "Tags": [],
    "Visibility": null,
    "DateCreated": "2017-11-14T00:23:20.1036363+00:00",
    "VersionId": "1",
    "SerializationMode": "full"
  },
  "SecondaryResourceType": {
    "TargetClassType": "CodePipeline",
    "ParentResourceTypeId": "HIRN-Tc",
    "id": "HIRN-Tc-CP",
    "CanonicalId": "HIRN-Tc-CP",
    "Url": null,
    "Name": "Code/Pipeline",
    "Type": null,
    "SystemType": "ResourceTypeExtended",
    "Tags": [],
    "Visibility": null,
    "DateCreated": "2017-11-14T00:23:20.1036363+00:00",
    "VersionId": "1",
    "SerializationMode": "full"
  },
  "ResourceApplications": [],
  "Vendor": {
    "Contact": {
      "EmailAddress": null,
      "Address1": null,
      "Address2": null,
      "City": null,
      "StateOrProvince": null,
      "PostalCode": null,
      "Country": null,
      "PhoneNumber": null
    },
    "id": null,
    "CanonicalId": null,
    "Url": null,
    "Name": null,
    "Type": null,
    "SystemType": "Vendor",
    "Tags": [],
    "Visibility": null,
    "DateCreated": "2019-04-26T01:22:19.5718812+00:00",
    "VersionId": "1",
    "SerializationMode": "full"
  },
  "VendorName": null,
  "VendorResourceUrl": null,
  "VendorLotNumber": null,
  "VendorCatNumber": null,
  "CurationStatus": {
    "OntologyId": "HIRN",
    "id": "hirn-cv-CurationStatus-public",
    "CanonicalId": "hirn-cv-CurationStatus-public",
    "Url": "resources.hirnetwork.org/api/v1/CV/",
    "Name": "Public",
    "Type": null,
    "SystemType": "CodedValue",
    "Tags": [],
    "Visibility": null,
    "DateCreated": "2017-11-14T00:23:22.4515624+00:00",
    "VersionId": "1",
    "SerializationMode": "full"
  },
  "Attachments": [],
  "DefiningManuscriptId": "PMID30078552",
  "BatchNumber": "5",
  "id": "ff3e3611-f2bc-4242-8dbc-d8b0b2952a4d",
  "CanonicalId": "",
  "Url": "https://ars.els-cdn.com/content/image/1-s2.0-S1550413118304509-mmc2.docx",
  "Name": "Script for the prediction of peptide splice products",
  "Type": "Resource",
  "SystemType": "CodePipeline",
  "Tags": [],
  "Visibility": null,
  "DateCreated": "2019-04-26T01:22:19.5718812+00:00",
  "VersionId": "1",
  "SerializationMode": "full"
}
