{
  "CellsTestedWith": [],
  "Applications": [],
  "Dependencies": [],
  "CompatibleTools": [],
  "AlternateNames": [],
  "Publications": [],
  "SecondaryIdentifiers": [],
  "Description": "The electrochemical, aptamer-based (E-AB) sensor for the real-time monitoring of insulin utilizes a redox label-modified guanine-rich aptamer which folds into a G-quadruplex for specific recognition of insulin. To develop a reproducible E-AB sensor employing insulin aptamer probes for the detection of insulin, 10% sodium dodecyl sulfate (SDS) pretreatment is crucial as it disrupts interstrand G-quartets. After sensor pretreatment with 10% SDS, a more uniform sensor response is obtained. Upon introduction of the insulin target, binding-induced steric hindrance quantitatively reduces the efficiency of electron transfer of a distal-end redox label leading to the rapid signal change within ∼60 s. Testing demonstrates that the E-AB insulin exhibits a limit of detection of 20 nM and can be used to discriminate against both glucagon and somatostatin in Krebs-Ringer bicarbonate buffer, typically used in perfusion experiments. These results demonstrate that this assay has potential for rapid, specific, and quantitative analysis of insulin.",
  "Contributors": [
    {
      "Role": {
        "OntologyId": "HIRN",
        "id": "hirn-cv-ResourceRole-producer",
        "CanonicalId": "hirn-cv-ResourceRole-producer",
        "Url": "resources.hirnetwork.org/api/v1/CV/",
        "Name": "Producer",
        "Type": null,
        "SystemType": "CodedValue",
        "Tags": [],
        "Visibility": null,
        "DateCreated": "2017-11-14T00:23:22.4515624+00:00",
        "VersionId": "1",
        "SerializationMode": "full"
      },
      "Participant": {
        "FirstName": "Ryan",
        "LastName": "White",
        "MiddleName": null,
        "Suffix": "",
        "Contact": {
          "EmailAddress": "ryan.white@uc.edu",
          "Address1": null,
          "Address2": null,
          "City": "Cincinnati",
          "StateOrProvince": "OH",
          "PostalCode": null,
          "Country": "USA",
          "PhoneNumber": null
        },
        "Groups": [
          {
            "Group": {
              "id": null,
              "CanonicalId": "HIRN-Consortium-CHIB",
              "Url": null,
              "Name": "CHIB",
              "Type": null,
              "SystemType": "Group",
              "Tags": [],
              "Visibility": null,
              "DateCreated": "2019-03-26T17:34:41.998999+00:00",
              "VersionId": "1",
              "SerializationMode": "full"
            },
            "RoleName": "Investigator"
          }
        ],
        "Grants": [
          {
            "Grant": {
              "GrantNumber": "UC4 DK116283",
              "id": "84",
              "CanonicalId": "HIRN-grant-33",
              "Url": null,
              "Name": "CHIB: Roper",
              "Type": null,
              "SystemType": "Grant",
              "Tags": [],
              "Visibility": null,
              "DateCreated": "2019-03-26T17:34:41.998999+00:00",
              "VersionId": "1",
              "SerializationMode": "full"
            },
            "RoleName": "Investigator"
          }
        ],
        "LabMembership": {
          "Lab": {
            "id": null,
            "CanonicalId": null,
            "Url": null,
            "Name": null,
            "Type": null,
            "SystemType": "Lab",
            "Tags": [],
            "Visibility": null,
            "DateCreated": "2019-03-26T17:34:41.998999+00:00",
            "VersionId": "1",
            "SerializationMode": "full"
          },
          "RoleName": null
        },
        "Organization": {
          "id": null,
          "CanonicalId": "HIRN-inst-60",
          "Url": null,
          "Name": "University of Cincinnati",
          "Type": null,
          "SystemType": "Organization",
          "Tags": [],
          "Visibility": null,
          "DateCreated": "2019-03-26T17:34:41.998999+00:00",
          "VersionId": "1",
          "SerializationMode": "full"
        },
        "id": "052d34f5-1937-46b1-85f4-64a60d78d7af",
        "CanonicalId": "ryan_white@hirnetwork.org",
        "Url": null,
        "Name": null,
        "Type": null,
        "SystemType": "Person",
        "Tags": [],
        "Visibility": null,
        "DateCreated": "2019-03-26T17:34:41.998999+00:00",
        "VersionId": "1",
        "SerializationMode": "full"
      },
      "id": null,
      "CanonicalId": null,
      "Url": null,
      "Name": null,
      "Type": null,
      "SystemType": "Contributor",
      "Tags": [],
      "Visibility": null,
      "DateCreated": "",
      "DateModified": "",
      "VersionId": "1",
      "SerializationMode": "full"
    }
  ],
  "ContributorsOld": [],
  "ContributorsTemp": [],
  "PrimaryResourceType": {
    "TargetClassType": "Technology",
    "ParentResourceTypeId": "",
    "id": "HIRN-Tc",
    "CanonicalId": "HIRN-Tc",
    "Url": null,
    "Name": "Technology",
    "Type": null,
    "SystemType": "ResourceTypeExtended",
    "Tags": [],
    "Visibility": null,
    "DateCreated": "2017-11-14T00:23:20.1036363+00:00",
    "VersionId": "1",
    "SerializationMode": "full"
  },
  "SecondaryResourceType": {
    "TargetClassType": "DeviceEquipment",
    "ParentResourceTypeId": "HIRN-Tc",
    "id": "HIRN-Tc-DE",
    "CanonicalId": "HIRN-Tc-DE",
    "Url": null,
    "Name": "Device/Equipment",
    "Type": null,
    "SystemType": "ResourceTypeExtended",
    "Tags": [],
    "Visibility": null,
    "DateCreated": "2017-11-14T00:23:20.1036363+00:00",
    "VersionId": "1",
    "SerializationMode": "full"
  },
  "ResourceApplications": [],
  "Vendor": {
    "Contact": {
      "EmailAddress": null,
      "Address1": null,
      "Address2": null,
      "City": null,
      "StateOrProvince": null,
      "PostalCode": null,
      "Country": null,
      "PhoneNumber": null
    },
    "id": null,
    "CanonicalId": null,
    "Url": null,
    "Name": null,
    "Type": null,
    "SystemType": "Vendor",
    "Tags": [],
    "Visibility": null,
    "DateCreated": "2019-04-26T01:22:20.0718639+00:00",
    "VersionId": "1",
    "SerializationMode": "full"
  },
  "VendorName": null,
  "VendorResourceUrl": null,
  "VendorLotNumber": null,
  "VendorCatNumber": null,
  "CurationStatus": {
    "OntologyId": "HIRN",
    "id": "hirn-cv-CurationStatus-public",
    "CanonicalId": "hirn-cv-CurationStatus-public",
    "Url": "resources.hirnetwork.org/api/v1/CV/",
    "Name": "Public",
    "Type": null,
    "SystemType": "CodedValue",
    "Tags": [],
    "Visibility": null,
    "DateCreated": "2017-11-14T00:23:22.4515624+00:00",
    "VersionId": "1",
    "SerializationMode": "full"
  },
  "Attachments": [],
  "DefiningManuscriptId": "PMID30644734",
  "BatchNumber": "5",
  "id": "11fe1d4a-304b-4a24-871d-fff907910f07",
  "CanonicalId": "",
  "Url": "",
  "Name": "Electrochemical aptamer-based sensor for real-time monitoring of insulin",
  "Type": "Resource",
  "SystemType": "DeviceEquipment",
  "Tags": [],
  "Visibility": null,
  "DateCreated": "2019-04-26T01:22:20.0718639+00:00",
  "VersionId": "1",
  "SerializationMode": "full"
}
