{
  "CellsTestedWith": [],
  "BioSampleType": [],
  "AssayTarget": {
    "OntologyId": null,
    "id": null,
    "CanonicalId": null,
    "Url": null,
    "Name": null,
    "Type": null,
    "SystemType": "CodedValue",
    "Tags": [],
    "Visibility": null,
    "DateCreated": "2019-04-26T01:22:19.1197314+00:00",
    "VersionId": "1",
    "SerializationMode": "full"
  },
  "AssayCategory": {
    "OntologyId": "OBI",
    "id": null,
    "CanonicalId": "http://purl.obolibrary.org/obo/OBI_0001977",
    "Url": "http://purl.obolibrary.org/obo/OBI_0001977",
    "Name": "cytometry assay",
    "Type": null,
    "SystemType": "CodedValue",
    "Tags": [],
    "Visibility": null,
    "DateCreated": "",
    "DateModified": "",
    "VersionId": "1",
    "SerializationMode": "full"
  },
  "TechnologyType": {
    "OntologyId": null,
    "id": null,
    "CanonicalId": null,
    "Url": null,
    "Name": null,
    "Type": null,
    "SystemType": "CodedValue",
    "Tags": [],
    "Visibility": null,
    "DateCreated": "2019-04-26T01:22:19.1197314+00:00",
    "VersionId": "1",
    "SerializationMode": "full"
  },
  "TechnologyPlatform": null,
  "Applications": [],
  "Dependencies": [],
  "CompatibleTools": [],
  "AlternateNames": [],
  "Publications": [],
  "SecondaryIdentifiers": [],
  "Description": "CellCycleTRACER is a combined experimental and computational method to account for the often confounded factors cell cycle and cell volume in mass cytometry data. Resolving cell heterogeneity caused by either cell-cycle state or cell volume in single-cell transcriptomic data has relied on statistical analysis using known cell-cycle genes. For mass cytometry, there is so far a more limited selection of available informative markers related to cell cycle and volume. As an assay method, CellCycleTRACER exploits four cell-cycle markers recently identified by Behbehani et al. 2012 (phosphorylated histone H3, phosphorylated retinoblastoma,  cyclin B1, and 5-Iodo-2′-deoxyuridine) to distinguish cell populations in different cell-cycle states. For measuring cell volume, CellCycleTRACER uses the ruthenium complex ASCQ_Ru. CellCycleTRACER may be particularly important when heterogeneous cell populations with deregulated cellular processes, as typically found in tumors, are analyzed.",
  "Contributors": [
    {
      "Role": {
        "OntologyId": "HIRN",
        "id": "hirn-cv-ResourceRole-producer",
        "CanonicalId": "hirn-cv-ResourceRole-producer",
        "Url": "resources.hirnetwork.org/api/v1/CV/",
        "Name": "Producer",
        "Type": null,
        "SystemType": "CodedValue",
        "Tags": [],
        "Visibility": null,
        "DateCreated": "2017-11-14T00:23:22.4515624+00:00",
        "VersionId": "1",
        "SerializationMode": "full"
      },
      "Participant": {
        "FirstName": "Bernd",
        "LastName": "Bodenmiller",
        "MiddleName": null,
        "Suffix": "PhD",
        "Contact": {
          "EmailAddress": "bernd.bodenmiller@imls.uzh.ch",
          "Address1": null,
          "Address2": null,
          "City": "Zurich",
          "StateOrProvince": "",
          "PostalCode": null,
          "Country": "Switzerland",
          "PhoneNumber": ""
        },
        "Groups": [
          {
            "Group": {
              "id": null,
              "CanonicalId": "HIRN-Consortium-CBDS",
              "Url": null,
              "Name": "CBDS",
              "Type": null,
              "SystemType": "Group",
              "Tags": [],
              "Visibility": null,
              "DateCreated": "2019-03-26T17:34:41.854344+00:00",
              "VersionId": "1",
              "SerializationMode": "full"
            },
            "RoleName": "Investigator"
          }
        ],
        "Grants": [
          {
            "Grant": {
              "GrantNumber": "UC4 DK108101",
              "id": "96",
              "CanonicalId": "HIRN-grant-24",
              "Url": null,
              "Name": "CBDS: Atkinson",
              "Type": null,
              "SystemType": "Grant",
              "Tags": [],
              "Visibility": null,
              "DateCreated": "2019-03-26T17:34:41.854344+00:00",
              "VersionId": "1",
              "SerializationMode": "full"
            },
            "RoleName": "Investigator"
          }
        ],
        "LabMembership": {
          "Lab": {
            "id": null,
            "CanonicalId": null,
            "Url": null,
            "Name": null,
            "Type": null,
            "SystemType": "Lab",
            "Tags": [],
            "Visibility": null,
            "DateCreated": "2019-03-26T17:34:41.854344+00:00",
            "VersionId": "1",
            "SerializationMode": "full"
          },
          "RoleName": null
        },
        "Organization": {
          "id": null,
          "CanonicalId": "HIRN-inst-52",
          "Url": null,
          "Name": "University of Zurich",
          "Type": null,
          "SystemType": "Organization",
          "Tags": [],
          "Visibility": null,
          "DateCreated": "2019-03-26T17:34:41.854344+00:00",
          "VersionId": "1",
          "SerializationMode": "full"
        },
        "id": "ee4bcbc5-697b-44a5-89dd-ea5e3cc10582",
        "CanonicalId": "bernd_bodenmiller@hirnetwork.org",
        "Url": null,
        "Name": null,
        "Type": null,
        "SystemType": "Person",
        "Tags": [],
        "Visibility": null,
        "DateCreated": "2019-03-26T17:34:41.854344+00:00",
        "VersionId": "1",
        "SerializationMode": "full"
      },
      "id": null,
      "CanonicalId": null,
      "Url": null,
      "Name": null,
      "Type": null,
      "SystemType": "Contributor",
      "Tags": [],
      "Visibility": null,
      "DateCreated": "",
      "DateModified": "",
      "VersionId": "1",
      "SerializationMode": "full"
    }
  ],
  "ContributorsOld": [],
  "ContributorsTemp": [],
  "PrimaryResourceType": {
    "TargetClassType": "Technology",
    "ParentResourceTypeId": "",
    "id": "HIRN-Tc",
    "CanonicalId": "HIRN-Tc",
    "Url": null,
    "Name": "Technology",
    "Type": null,
    "SystemType": "ResourceTypeExtended",
    "Tags": [],
    "Visibility": null,
    "DateCreated": "2017-11-14T00:23:20.1036363+00:00",
    "VersionId": "1",
    "SerializationMode": "full"
  },
  "SecondaryResourceType": {
    "TargetClassType": "Assay",
    "ParentResourceTypeId": "HIRN-Tc",
    "id": "HIRN-Tc-Assy",
    "CanonicalId": "HIRN-Tc-Assy",
    "Url": null,
    "Name": "Assay",
    "Type": null,
    "SystemType": "ResourceTypeExtended",
    "Tags": [],
    "Visibility": null,
    "DateCreated": "2017-11-14T00:23:20.1036363+00:00",
    "VersionId": "1",
    "SerializationMode": "full"
  },
  "ResourceApplications": [],
  "Vendor": {
    "Contact": {
      "EmailAddress": null,
      "Address1": null,
      "Address2": null,
      "City": null,
      "StateOrProvince": null,
      "PostalCode": null,
      "Country": null,
      "PhoneNumber": null
    },
    "id": null,
    "CanonicalId": null,
    "Url": null,
    "Name": null,
    "Type": null,
    "SystemType": "Vendor",
    "Tags": [],
    "Visibility": null,
    "DateCreated": "2019-04-26T01:22:19.1197314+00:00",
    "VersionId": "1",
    "SerializationMode": "full"
  },
  "VendorName": null,
  "VendorResourceUrl": null,
  "VendorLotNumber": null,
  "VendorCatNumber": null,
  "CurationStatus": {
    "OntologyId": "HIRN",
    "id": "hirn-cv-CurationStatus-public",
    "CanonicalId": "hirn-cv-CurationStatus-public",
    "Url": "resources.hirnetwork.org/api/v1/CV/",
    "Name": "Public",
    "Type": null,
    "SystemType": "CodedValue",
    "Tags": [],
    "Visibility": null,
    "DateCreated": "2017-11-14T00:23:22.4515624+00:00",
    "VersionId": "1",
    "SerializationMode": "full"
  },
  "Attachments": [],
  "DefiningManuscriptId": "PMID29434325",
  "BatchNumber": "5",
  "id": "5f5707ce-d488-4d9b-b075-fc1a0b0adaaf",
  "CanonicalId": "",
  "Url": "",
  "Name": "CellCycleTRACER (mass cytometry assay method for deconfounding cell-cycle and cell-volume effects)",
  "Type": "Resource",
  "SystemType": "Assay",
  "Tags": [],
  "Visibility": null,
  "DateCreated": "2019-04-26T01:22:19.1197314+00:00",
  "VersionId": "1",
  "SerializationMode": "full"
}
